[02:27:04] === 5min BTC 多笔交易  [LIVE 真实资金] ===
[02:27:04] 计划: 最多 20 个窗口，累计成交 3 笔后停止
[02:27:04] 入场过滤: 窗口TWAP波动<$30 且 冷门方ask∈(0.15,0.30)（开窗后70-135s）｜止盈价 0.65｜未止盈拿到结算
[02:27:04] 喂价: Polymarket RTDS Chainlink TWAP-60s（结算同源）｜日志: runtime\logs\trade5m_20260911_022704.log
[02:29:59] [窗口 1] 起点 1789065000（本地 02:29:59），开始持续监测 …
[02:30:01] 市场: Bitcoin Up or Down - September 10, 2:30PM-2:35PM ET  (minSize=5)
[02:30:03] t+    1s  TWAP=      n/a range=    n/a  Up  0.320/ 0.330×285  Down  0.670/ 0.680×271  [盘口=REST 簿龄=0.5s/10s WS事件=0(簿0/增量0) 距上次WS=从未] [TWAP#0 age=无]
[02:30:05] t+    5s  TWAP=77049.203 range=  0.000  Up  0.360/ 0.370×449  Down  0.630/ 0.640×118  [盘口=WS 簿龄=0.0s/10s WS事件=7(簿6/增量0) 距上次WS=0.0s] [TWAP#1 age=1s]
[02:30:07] t+    7s  TWAP=77047.837 range=  1.366  Up  0.360/ 0.370×528  Down  0.630/ 0.640×54  [盘口=WS 簿龄=0.1s/10s WS事件=56(簿38/增量0) 距上次WS=0.1s] [TWAP#3 age=0s]
[02:30:09] t+    9s  TWAP=77046.416 range=  2.787  Up  0.350/ 0.370×75  Down  0.630/ 0.650×54  [盘口=WS 簿龄=0.0s/10s WS事件=125(簿88/增量0) 距上次WS=0.0s] [TWAP#5 age=1s]
[02:30:11] t+   11s  TWAP=77045.151 range=  4.052  Up  0.340/ 0.350×590  Down  0.650/ 0.660×112  [盘口=WS 簿龄=0.2s/10s WS事件=143(簿98/增量0) 距上次WS=0.2s] [TWAP#7 age=1s]
[02:30:13] t+   13s  TWAP=77044.138 range=  5.065  Up  0.350/ 0.360×4  Down  0.640/ 0.650×564  [盘口=WS 簿龄=0.2s/10s WS事件=229(簿158/增量0) 距上次WS=0.2s] [TWAP#9 age=0s]
[02:30:15] t+   15s  TWAP=77043.133 range=  6.070  Up  0.350/ 0.360×414  Down  0.640/ 0.650×186  [盘口=WS 簿龄=0.3s/10s WS事件=262(簿180/增量0) 距上次WS=0.3s] [TWAP#11 age=0s]
[02:30:17] t+   17s  TWAP=77042.169 range=  7.034  Up  0.350/ 0.360×233  Down  0.640/ 0.650×384  [盘口=WS 簿龄=0.8s/10s WS事件=277(簿190/增量0) 距上次WS=0.8s] [TWAP#13 age=0s]
[02:30:19] t+   19s  TWAP=77041.690 range=  7.513  Up  0.350/ 0.380×412  Down  0.620/ 0.650×36  [盘口=WS 簿龄=0.1s/10s WS事件=389(簿270/增量0) 距上次WS=0.1s] [TWAP#14 age=1s]
[02:30:21] t+   21s  TWAP=77040.016 range=  9.187  Up  0.360/ 0.370×197  Down  0.630/ 0.640×307  [盘口=WS 簿龄=0.1s/10s WS事件=447(簿308/增量0) 距上次WS=0.1s] [TWAP#16 age=0s]
[02:30:23] t+   23s  TWAP=77039.849 range=  9.354  Up  0.370/ 0.380×457  Down  0.620/ 0.630×245  [盘口=WS 簿龄=0.0s/10s WS事件=481(簿332/增量0) 距上次WS=0.0s] [TWAP#18 age=1s]
[02:30:25] t+   25s  TWAP=77039.470 range=  9.733  Up  0.380/ 0.390×527  Down  0.610/ 0.620×90  [盘口=WS 簿龄=0.9s/10s WS事件=491(簿338/增量0) 距上次WS=0.8s] [TWAP#20 age=1s]
[02:30:27] t+   27s  TWAP=77039.090 range= 10.113  Up  0.380/ 0.390×716  Down  0.610/ 0.620×147  [盘口=WS 簿龄=0.4s/10s WS事件=506(簿348/增量0) 距上次WS=0.4s] [TWAP#22 age=0s]
[02:30:29] t+   29s  TWAP=77038.697 range= 10.506  Up  0.380/ 0.390×695  Down  0.610/ 0.620×170  [盘口=WS 簿龄=0.4s/10s WS事件=512(簿352/增量0) 距上次WS=0.4s] [TWAP#24 age=0s]
[02:30:31] t+   31s  TWAP=77038.323 range= 10.880  Up  0.400/ 0.410×768  Down  0.590/ 0.600×26  [盘口=WS 簿龄=0.1s/10s WS事件=540(簿372/增量0) 距上次WS=0.1s] [TWAP#26 age=0s]
[02:30:33] t+   33s  TWAP=77037.733 range= 11.470  Up  0.380/ 0.390×242  Down  0.610/ 0.620×531  [盘口=WS 簿龄=0.6s/10s WS事件=562(簿386/增量0) 距上次WS=0.6s] [TWAP#28 age=0s]
[02:30:35] t+   35s  TWAP=77037.363 range= 11.840  Up  0.390/ 0.400×42  Down  0.600/ 0.610×697  [盘口=WS 簿龄=0.1s/10s WS事件=595(簿408/增量0) 距上次WS=0.0s] [TWAP#30 age=0s]
[02:30:37] t+   37s  TWAP=77037.363 range= 11.840  Up  0.400/ 0.410×215  Down  0.590/ 0.600×509  [盘口=WS 簿龄=0.2s/10s WS事件=618(簿424/增量0) 距上次WS=0.2s] [TWAP#31 age=2s]
[02:30:39] t+   39s  TWAP=77036.909 range= 12.294  Up  0.400/ 0.410×73  Down  0.590/ 0.600×558  [盘口=WS 簿龄=0.2s/10s WS事件=633(簿434/增量0) 距上次WS=0.1s] [TWAP#33 age=1s]
[02:30:41] t+   41s  TWAP=77036.486 range= 12.717  Up  0.380/ 0.390×946  Down  0.610/ 0.620×16  [盘口=WS 簿龄=0.2s/10s WS事件=651(簿446/增量0) 距上次WS=0.1s] [TWAP#35 age=0s]
[02:30:43] t+   43s  TWAP=77036.347 range= 12.856  Up  0.370/ 0.380×513  Down  0.620/ 0.630×302  [盘口=WS 簿龄=0.2s/10s WS事件=675(簿462/增量0) 距上次WS=0.2s] [TWAP#37 age=1s]
[02:30:45] t+   45s  TWAP=77036.149 range= 13.054  Up  0.370/ 0.380×684  Down  0.620/ 0.630×204  [盘口=WS 簿龄=0.5s/10s WS事件=687(簿470/增量0) 距上次WS=0.5s] [TWAP#39 age=1s]
[02:30:47] t+   47s  TWAP=77035.955 range= 13.248  Up  0.370/ 0.380×709  Down  0.620/ 0.630×36  [盘口=WS 簿龄=0.8s/10s WS事件=696(簿476/增量0) 距上次WS=0.7s] [TWAP#41 age=1s]
[02:30:49] t+   49s  TWAP=77035.727 range= 13.476  Up  0.340/ 0.350×273  Down  0.650/ 0.660×377  [盘口=WS 簿龄=0.1s/10s WS事件=734(簿502/增量0) 距上次WS=0.0s] [TWAP#43 age=1s]
[02:30:51] t+   51s  TWAP=77035.437 range= 13.766  Up  0.340/ 0.350×607  Down  0.650/ 0.660×132  [盘口=WS 簿龄=0.6s/10s WS事件=752(簿514/增量0) 距上次WS=0.5s] [TWAP#45 age=1s]
[02:30:53] t+   53s  TWAP=77035.185 range= 14.019  Up  0.340/ 0.350×118  Down  0.650/ 0.660×272  [盘口=WS 簿龄=0.1s/10s WS事件=776(簿530/增量0) 距上次WS=0.1s] [TWAP#47 age=1s]
[02:30:55] t+   55s  TWAP=77034.903 range= 14.300  Up  0.330/ 0.340×742  Down  0.660/ 0.670×131  [盘口=WS 簿龄=0.3s/10s WS事件=794(簿542/增量0) 距上次WS=0.2s] [TWAP#49 age=1s]
[02:30:57] t+   57s  TWAP=77034.562 range= 14.641  Up  0.320/ 0.330×313  Down  0.670/ 0.680×343  [盘口=WS 簿龄=0.3s/10s WS事件=818(簿558/增量0) 距上次WS=0.3s] [TWAP#51 age=1s]
[02:30:59] t+   59s  TWAP=77034.227 range= 14.976  Up  0.370/ 0.380×170  Down  0.620/ 0.630×149  [盘口=WS 簿龄=0.0s/10s WS事件=853(簿582/增量0) 距上次WS=0.0s] [TWAP#53 age=1s]
[02:31:01] t+   61s  TWAP=77033.909 range= 15.294  Up  0.350/ 0.360×547  Down  0.640/ 0.650×17  [盘口=WS 簿龄=0.0s/10s WS事件=869(簿592/增量0) 距上次WS=0.0s] [TWAP#56 age=0s]
[02:31:03] t+   63s  TWAP=77033.818 range= 15.385  Up  0.340/ 0.350×165  Down  0.650/ 0.660×508  [盘口=WS 簿龄=0.4s/10s WS事件=884(簿602/增量0) 距上次WS=0.4s] [TWAP#57 age=0s]
[02:31:05] t+   65s  TWAP=77033.653 range= 15.550  Up  0.330/ 0.340×406  Down  0.660/ 0.670×485  [盘口=WS 簿龄=0.2s/10s WS事件=892(簿608/增量0) 距上次WS=0.2s] [TWAP#59 age=1s]
[02:31:07] t+   67s  TWAP=77033.542 range= 15.661  Up  0.340/ 0.360×8  Down  0.640/ 0.660×950  [盘口=WS 簿龄=0.3s/10s WS事件=913(簿622/增量0) 距上次WS=0.3s] [TWAP#61 age=0s]
[02:31:09] t+   69s  TWAP=77033.535 range= 15.678  Up  0.360/ 0.370×681  Down  0.630/ 0.640×257  [盘口=WS 簿龄=0.4s/10s WS事件=923(簿628/增量0) 距上次WS=0.3s] [TWAP#63 age=0s]
[02:31:11] t+   71s  TWAP=77033.471 range= 15.732  Up  0.360/ 0.370×601  Down  0.630/ 0.640×184  [盘口=WS 簿龄=1.6s/10s WS事件=926(簿630/增量0) 距上次WS=1.6s] [TWAP#66 age=0s]
[02:31:11] [入场检查] … Up ask= 0.370 ≥ 0.30，观察
[02:31:13] t+   73s  TWAP=77033.479 range= 15.732  Up  0.350/ 0.370×513  Down  0.630/ 0.650×175  [盘口=WS 簿龄=1.1s/10s WS事件=932(簿634/增量0) 距上次WS=1.0s] [TWAP#67 age=1s]
[02:31:15] t+   75s  TWAP=77033.594 range= 15.732  Up  0.350/ 0.360×769  Down  0.640/ 0.650×54  [盘口=WS 簿龄=1.0s/10s WS事件=935(簿636/增量0) 距上次WS=0.9s] [TWAP#69 age=0s]
[02:31:15] [入场检查] … Up ask= 0.360 ≥ 0.30，观察
[02:31:17] t+   77s  TWAP=77033.812 range= 15.732  Up  0.350/ 0.360×805  Down  0.640/ 0.650×198  [盘口=WS 簿龄=0.3s/10s WS事件=947(簿644/增量0) 距上次WS=0.2s] [TWAP#72 age=0s]
[02:31:19] t+   79s  TWAP=77033.917 range= 15.732  Up  0.350/ 0.360×780  Down  0.640/ 0.650×237  [盘口=WS 簿龄=0.1s/10s WS事件=956(簿651/增量0) 距上次WS=0.0s] [TWAP#73 age=1s]
[02:31:21] t+   81s  TWAP=77034.167 range= 15.732  Up  0.330/ 0.340×443  Down  0.660/ 0.670×314  [盘口=WS 簿龄=0.3s/10s WS事件=980(簿666/增量0) 距上次WS=0.3s] [TWAP#75 age=1s]
[02:31:21] [入场检查] … Up ask= 0.340 ≥ 0.30，观察
[02:31:23] t+   83s  TWAP=77034.141 range= 15.732  Up  0.330/ 0.340×461  Down  0.660/ 0.670×159  [盘口=WS 簿龄=0.9s/10s WS事件=989(簿672/增量0) 距上次WS=0.8s] [TWAP#77 age=1s]
[02:31:25] t+   85s  TWAP=77034.202 range= 15.732  Up  0.330/ 0.340×614  Down  0.660/ 0.670×35  [盘口=WS 簿龄=0.7s/10s WS事件=992(簿674/增量0) 距上次WS=0.6s] [TWAP#79 age=0s]
[02:31:27] t+   87s  TWAP=77034.249 range= 15.732  Up  0.330/ 0.340×570  Down  0.660/ 0.670×16  [盘口=WS 簿龄=0.4s/10s WS事件=1001(簿680/增量0) 距上次WS=0.3s] [TWAP#81 age=1s]
[02:31:29] t+   90s  TWAP=77034.314 range= 15.732  Up  0.330/ 0.340×940  Down  0.660/ 0.670×18  [盘口=WS 簿龄=0.1s/10s WS事件=1010(簿686/增量0) 距上次WS=0.1s] [TWAP#83 age=1s]
[02:31:31] t+   92s  TWAP=77034.352 range= 15.732  Up  0.330/ 0.340×940  Down  0.660/ 0.670×18  [盘口=WS 簿龄=2.1s/10s WS事件=1010(簿686/增量0) 距上次WS=2.1s] [TWAP#85 age=1s]
[02:31:33] t+   94s  TWAP=77034.386 range= 15.732  Up  0.320/ 0.340×942  Down  0.660/ 0.680×197  [盘口=WS 簿龄=0.5s/10s WS事件=1021(簿694/增量0) 距上次WS=0.5s] [TWAP#87 age=0s]
[02:31:35] t+   96s  TWAP=77034.396 range= 15.732  Up  0.320/ 0.340×942  Down  0.660/ 0.680×197  [盘口=WS 簿龄=2.5s/10s WS事件=1021(簿694/增量0) 距上次WS=2.5s] [TWAP#89 age=1s]
[02:31:37] t+   98s  TWAP=77034.375 range= 15.732  Up  0.320/ 0.330×569  Down  0.670/ 0.680×203  [盘口=WS 簿龄=0.0s/10s WS事件=1033(簿702/增量0) 距上次WS=0.0s] [TWAP#91 age=1s]
[02:31:37] [入场检查] … Up ask= 0.330 ≥ 0.30，观察
[02:31:39] t+  100s  TWAP=77034.282 range= 15.732  Up  0.310/ 0.330×600  Down  0.670/ 0.690×332  [盘口=WS 簿龄=1.5s/10s WS事件=1040(簿706/增量0) 距上次WS=1.4s] [TWAP#93 age=1s]
[02:31:41] t+  102s  TWAP=77034.153 range= 15.732  Up  0.310/ 0.320×23  Down  0.680/ 0.690×405  [盘口=WS 簿龄=0.6s/10s WS事件=1061(簿720/增量0) 距上次WS=0.5s] [TWAP#95 age=1s]
[02:31:41] [入场检查] … Up ask= 0.320 ≥ 0.30，观察
[02:31:43] t+  104s  TWAP=77034.122 range= 15.732  Up  0.390/ 0.400×9  Down  0.600/ 0.610×215  [盘口=WS 簿龄=0.2s/10s WS事件=1106(簿752/增量0) 距上次WS=0.1s] [TWAP#97 age=1s]
[02:31:43] [入场检查] … Up ask= 0.400 ≥ 0.30，观察
[02:31:45] t+  106s  TWAP=77033.992 range= 15.732  Up  0.380/ 0.390×284  Down  0.610/ 0.620×120  [盘口=WS 簿龄=0.1s/10s WS事件=1142(簿776/增量0) 距上次WS=0.1s] [TWAP#99 age=0s]
[02:31:45] [入场检查] … Up ask= 0.390 ≥ 0.30，观察
[02:31:47] t+  108s  TWAP=77033.992 range= 15.732  Up  0.380/ 0.390×353  Down  0.610/ 0.620×11  [盘口=WS 簿龄=0.5s/10s WS事件=1151(簿782/增量0) 距上次WS=0.4s] [TWAP#99 age=2s]
[02:31:49] t+  110s  TWAP=77033.992 range= 15.732  Up  0.380/ 0.390×353  Down  0.610/ 0.620×11  [盘口=WS 簿龄=2.5s/10s WS事件=1151(簿782/增量0) 距上次WS=2.4s] [TWAP#99 age=4s]
[02:31:51] t+  112s  TWAP=77033.992 range= 15.732  Up  0.380/ 0.390×509  Down  0.610/ 0.620×10  [盘口=WS 簿龄=0.4s/10s WS事件=1154(簿784/增量0) 距上次WS=0.4s] [TWAP#99 age=6s]
[02:31:53] t+  114s  TWAP=77034.011 range= 15.732  Up  0.430/ 0.440×970  Down  0.560/ 0.570×139  [盘口=WS 簿龄=0.0s/10s WS事件=1205(簿820/增量0) 距上次WS=0.0s] [TWAP#101 age=1s]
[02:31:53] [入场检查] … Up ask= 0.440 ≥ 0.30，观察
[02:31:55] t+  116s  TWAP=77034.137 range= 15.732  Up  0.390/ 0.400×74  Down  0.600/ 0.610×130  [盘口=WS 簿龄=0.3s/10s WS事件=1234(簿838/增量0) 距上次WS=0.2s] [TWAP#104 age=0s]
[02:31:55] [入场检查] … Up ask= 0.400 ≥ 0.30，观察
[02:31:57] t+  118s  TWAP=77034.279 range= 15.732  Up  0.360/ 0.370×610  Down  0.630/ 0.640×76  [盘口=WS 簿龄=0.1s/10s WS事件=1252(簿850/增量0) 距上次WS=0.1s] [TWAP#106 age=0s]
[02:31:57] [入场检查] … Up ask= 0.370 ≥ 0.30，观察
[02:31:59] t+  120s  TWAP=77034.481 range= 15.732  Up  0.350/ 0.360×251  Down  0.640/ 0.650×40  [盘口=WS 簿龄=0.1s/10s WS事件=1264(簿858/增量0) 距上次WS=0.0s] [TWAP#108 age=0s]
[02:31:59] [入场检查] … Up ask= 0.360 ≥ 0.30，观察
[02:32:01] t+  122s  TWAP=77034.560 range= 15.732  Up  0.360/ 0.370×28  Down  0.630/ 0.640×870  [盘口=WS 簿龄=0.1s/10s WS事件=1282(簿870/增量0) 距上次WS=0.1s] [TWAP#109 age=1s]
[02:32:01] [入场检查] … Up ask= 0.370 ≥ 0.30，观察
[02:32:03] t+  124s  TWAP=77034.849 range= 15.732  Up  0.370/ 0.380×323  Down  0.620/ 0.630×606  [盘口=WS 簿龄=0.6s/10s WS事件=1300(簿882/增量0) 距上次WS=0.6s] [TWAP#112 age=0s]
[02:32:03] [入场检查] … Up ask= 0.380 ≥ 0.30，观察
[02:32:05] t+  126s  TWAP=77035.014 range= 15.732  Up  0.330/ 0.350×831  Down  0.650/ 0.670×56  [盘口=WS 簿龄=0.4s/10s WS事件=1321(簿896/增量0) 距上次WS=0.2s] [TWAP#114 age=0s]
[02:32:05] [入场检查] … Up ask= 0.350 ≥ 0.30，观察
[02:32:07] t+  128s  TWAP=77035.194 range= 15.732  Up  0.330/ 0.340×49  Down  0.660/ 0.670×596  [盘口=WS 簿龄=0.6s/10s WS事件=1324(簿898/增量0) 距上次WS=0.6s] [TWAP#116 age=0s]
[02:32:07] [入场检查] … Up ask= 0.340 ≥ 0.30，观察
[02:32:09] t+  130s  TWAP=77035.265 range= 15.732  Up  0.370/ 0.380×246  Down  0.620/ 0.630×340  [盘口=WS 簿龄=0.5s/10s WS事件=1353(簿918/增量0) 距上次WS=0.5s] [TWAP#117 age=0s]
[02:32:09] [入场检查] … Up ask= 0.380 ≥ 0.30，观察
[02:32:11] t+  132s  TWAP=77035.500 range= 15.732  Up  0.370/ 0.380×472  Down  0.620/ 0.630×13  [盘口=WS 簿龄=0.6s/10s WS事件=1365(簿926/增量0) 距上次WS=0.5s] [TWAP#119 age=0s]
[02:32:13] t+  134s  TWAP=77035.578 range= 15.732  Up  0.370/ 0.380×146  Down  0.620/ 0.630×752  [盘口=WS 簿龄=0.2s/10s WS事件=1386(簿940/增量0) 距上次WS=0.2s] [TWAP#120 age=1s]
[02:32:15] t+  136s  TWAP=77035.633 range= 15.732  Up  0.370/ 0.380×278  Down  0.620/ 0.630×538  [盘口=WS 簿龄=1.0s/10s WS事件=1392(簿944/增量0) 距上次WS=0.9s] [TWAP#122 age=1s]
[02:32:17] t+  138s  TWAP=77035.775 range= 15.732  Up  0.430/ 0.440×174  Down  0.560/ 0.570×26  [盘口=WS 簿龄=0.1s/10s WS事件=1410(簿956/增量0) 距上次WS=0.0s] [TWAP#124 age=0s]
[02:32:19] t+  140s  TWAP=77035.885 range= 15.732  Up  0.410/ 0.420×227  Down  0.580/ 0.590×483  [盘口=WS 簿龄=0.1s/10s WS事件=1428(簿968/增量0) 距上次WS=0.1s] [TWAP#126 age=0s]
[02:32:21] t+  142s  TWAP=77036.057 range= 15.732  Up  0.400/ 0.410×191  Down  0.590/ 0.600×337  [盘口=WS 簿龄=0.3s/10s WS事件=1437(簿974/增量0) 距上次WS=0.3s] [TWAP#128 age=0s]
[02:32:23] t+  144s  TWAP=77036.229 range= 15.732  Up  0.430/ 0.450×99  Down  0.550/ 0.570×543  [盘口=WS 簿龄=0.0s/10s WS事件=1465(簿994/增量0) 距上次WS=0.0s] [TWAP#130 age=0s]
[02:32:25] t+  146s  TWAP=77036.323 range= 15.732  Up  0.410/ 0.430×501  Down  0.570/ 0.590×85  [盘口=WS 簿龄=0.2s/10s WS事件=1516(簿1028/增量0) 距上次WS=0.1s] [TWAP#131 age=1s]
[02:32:27] t+  148s  TWAP=77036.545 range= 15.732  Up  0.360/ 0.370×596  Down  0.630/ 0.640×25  [盘口=WS 簿龄=0.2s/10s WS事件=1561(簿1058/增量0) 距上次WS=0.2s] [TWAP#133 age=1s]
[02:32:29] t+  150s  TWAP=77036.798 range= 15.732  Up  0.360/ 0.370×699  Down  0.630/ 0.640×79  [盘口=WS 簿龄=0.6s/10s WS事件=1573(簿1066/增量0) 距上次WS=0.6s] [TWAP#135 age=0s]
[02:32:31] t+  152s  TWAP=77037.056 range= 15.732  Up  0.470/ 0.490×78  Down  0.510/ 0.570×278  [盘口=WS 簿龄=0.1s/10s WS事件=1599(簿1085/增量0) 距上次WS=0.0s] [TWAP#137 age=0s]
[02:32:33] t+  154s  TWAP=77037.380 range= 15.732  Up  0.450/ 0.460×201  Down  0.540/ 0.550×255  [盘口=WS 簿龄=0.0s/10s WS事件=1704(簿1157/增量0) 距上次WS=0.0s] [TWAP#139 age=0s]
[02:32:35] t+  156s  TWAP=77037.488 range= 15.732  Up  0.470/ 0.480×161  Down  0.520/ 0.530×456  [盘口=WS 簿龄=0.1s/10s WS事件=1739(簿1180/增量0) 距上次WS=0.0s] [TWAP#140 age=1s]
[02:32:37] t+  158s  TWAP=77038.085 range= 15.732  Up  0.470/ 0.480×291  Down  0.520/ 0.530×526  [盘口=WS 簿龄=0.5s/10s WS事件=1748(簿1186/增量0) 距上次WS=0.4s] [TWAP#142 age=0s]
[02:32:39] t+  160s  TWAP=77038.538 range= 15.732  Up  0.340/ 0.350×317  Down  0.650/ 0.660×372  [盘口=WS 簿龄=0.2s/10s WS事件=1807(簿1228/增量0) 距上次WS=0.2s] [TWAP#145 age=0s]
[02:32:41] t+  162s  TWAP=77038.983 range= 15.732  Up  0.330/ 0.340×79  Down  0.660/ 0.670×98  [盘口=WS 簿龄=0.4s/10s WS事件=1831(簿1244/增量0) 距上次WS=0.1s] [TWAP#147 age=0s]
[02:32:43] t+  164s  TWAP=77039.334 range= 15.732  Up  0.320/ 0.330×31  Down  0.670/ 0.680×15  [盘口=WS 簿龄=1.1s/10s WS事件=1842(簿1252/增量0) 距上次WS=1.1s] [TWAP#148 age=0s]
[02:32:45] t+  166s  TWAP=77039.658 range= 15.732  Up  0.310/ 0.320×67  Down  0.680/ 0.690×543  [盘口=WS 簿龄=0.0s/10s WS事件=1887(簿1282/增量0) 距上次WS=0.0s] [TWAP#151 age=0s]
[02:32:47] t+  168s  TWAP=77039.895 range= 15.732  Up  0.360/ 0.370×83  Down  0.630/ 0.640×13  [盘口=WS 簿龄=0.1s/10s WS事件=1915(簿1300/增量0) 距上次WS=0.0s] [TWAP#153 age=0s]
[02:32:49] t+  170s  TWAP=77040.001 range= 15.732  Up  0.360/ 0.370×481  Down  0.630/ 0.640×251  [盘口=WS 簿龄=0.1s/10s WS事件=1936(簿1314/增量0) 距上次WS=0.0s] [TWAP#154 age=1s]
[02:32:51] t+  172s  TWAP=77040.049 range= 15.732  Up  0.360/ 0.370×835  Down  0.630/ 0.640×12  [盘口=WS 簿龄=1.0s/10s WS事件=1939(簿1316/增量0) 距上次WS=1.0s] [TWAP#156 age=1s]
[02:32:53] t+  174s  TWAP=77040.273 range= 15.732  Up  0.370/ 0.380×127  Down  0.620/ 0.630×381  [盘口=WS 簿龄=0.0s/10s WS事件=1956(簿1328/增量0) 距上次WS=0.0s] [TWAP#159 age=0s]
[02:32:55] t+  176s  TWAP=77040.333 range= 15.732  Up  0.370/ 0.380×252  Down  0.620/ 0.630×523  [盘口=WS 簿龄=1.4s/10s WS事件=1966(簿1334/增量0) 距上次WS=1.3s] [TWAP#160 age=1s]
[02:32:57] t+  178s  TWAP=77040.524 range= 15.732  Up  0.620/ 0.670×30  Down  0.330/ 0.380×255  [盘口=WS 簿龄=0.2s/10s WS事件=2010(簿1364/增量0) 距上次WS=0.1s] [TWAP#162 age=1s]
[02:32:59] t+  180s  TWAP=77040.567 range= 15.732  Up  0.660/ 0.670×846  Down  0.330/ 0.340×321  [盘口=WS 簿龄=0.0s/10s WS事件=2086(簿1416/增量0) 距上次WS=0.0s] [TWAP#164 age=1s]
[02:33:01] t+  182s  TWAP=77040.644 range= 15.732  Up  0.630/ 0.640×48  Down  0.360/ 0.370×119  [盘口=WS 簿龄=0.6s/10s WS事件=2141(簿1452/增量0) 距上次WS=0.3s] [TWAP#165 age=1s]
[02:33:03] t+  184s  TWAP=77040.905 range= 15.732  Up  0.430/ 0.560×3  Down  0.440/ 0.570×56  [盘口=WS 簿龄=0.0s/10s WS事件=2218(簿1506/增量0) 距上次WS=0.0s] [TWAP#167 age=1s]
[02:33:05] t+  186s  TWAP=77041.614 range= 15.732  Up  0.320/ 0.330×95  Down  0.670/ 0.680×238  [盘口=WS 簿龄=0.1s/10s WS事件=2295(簿1558/增量0) 距上次WS=0.1s] [TWAP#169 age=1s]
[02:33:07] t+  188s  TWAP=77042.205 range= 15.732  Up  0.390/ 0.410×68  Down  0.590/ 0.610×363  [盘口=WS 簿龄=0.3s/10s WS事件=2337(簿1586/增量0) 距上次WS=0.2s] [TWAP#171 age=1s]
[02:33:09] t+  190s  TWAP=77042.342 range= 15.732  Up  0.400/ 0.410×25  Down  0.590/ 0.600×35  [盘口=WS 簿龄=0.4s/10s WS事件=2367(簿1606/增量0) 距上次WS=0.2s] [TWAP#173 age=1s]
[02:33:11] t+  192s  TWAP=77042.609 range= 15.732  Up  0.330/ 0.350×65  Down  0.650/ 0.670×355  [盘口=WS 簿龄=0.2s/10s WS事件=2401(簿1630/增量0) 距上次WS=0.2s] [TWAP#175 age=0s]
[02:33:13] t+  194s  TWAP=77042.896 range= 15.732  Up  0.390/ 0.400×300  Down  0.600/ 0.610×228  [盘口=WS 簿龄=0.0s/10s WS事件=2416(簿1641/增量0) 距上次WS=0.0s] [TWAP#178 age=0s]
[02:33:15] t+  196s  TWAP=77043.028 range= 15.732  Up  0.280/ 0.290×288  Down  0.710/ 0.720×276  [盘口=WS 簿龄=0.2s/10s WS事件=2478(簿1682/增量0) 距上次WS=0.2s] [TWAP#180 age=0s]
[02:33:17] t+  198s  TWAP=77043.057 range= 15.732  Up  0.280/ 0.290×26  Down  0.710/ 0.720×365  [盘口=WS 簿龄=0.0s/10s WS事件=2634(簿1788/增量0) 距上次WS=0.0s] [TWAP#181 age=1s]
[02:33:19] t+  200s  TWAP=77043.050 range= 15.732  Up  0.320/ 0.350×131  Down  0.650/ 0.680×186  [盘口=WS 簿龄=0.7s/10s WS事件=2668(簿1810/增量0) 距上次WS=0.6s] [TWAP#183 age=0s]
[02:33:21] t+  202s  TWAP=77043.036 range= 15.732  Up  0.330/ 0.350×340  Down  0.650/ 0.670×50  [盘口=WS 簿龄=0.1s/10s WS事件=2700(簿1832/增量0) 距上次WS=0.1s] [TWAP#186 age=0s]
[02:33:23] t+  204s  TWAP=77043.045 range= 15.732  Up  0.300/ 0.310×68  Down  0.690/ 0.700×130  [盘口=WS 簿龄=0.2s/10s WS事件=2726(簿1850/增量0) 距上次WS=0.2s] [TWAP#187 age=1s]
[02:33:25] t+  206s  TWAP=77043.065 range= 15.732  Up  0.390/ 0.400×39  Down  0.600/ 0.610×523  [盘口=WS 簿龄=0.0s/10s WS事件=2780(簿1888/增量0) 距上次WS=0.0s] [TWAP#190 age=0s]
[02:33:27] t+  208s  TWAP=77043.054 range= 15.732  Up  0.450/ 0.470×26  Down  0.530/ 0.550×160  [盘口=WS 簿龄=0.5s/10s WS事件=2827(簿1919/增量0) 距上次WS=0.2s] [TWAP#192 age=0s]
[02:33:29] t+  210s  TWAP=77042.987 range= 15.732  Up  0.490/ 0.500×58  Down  0.500/ 0.510×162  [盘口=WS 簿龄=0.1s/10s WS事件=2868(簿1946/增量0) 距上次WS=0.0s] [TWAP#194 age=0s]
[02:33:31] t+  212s  TWAP=77043.146 range= 15.732  Up  0.420/ 0.430×638  Down  0.570/ 0.580×11  [盘口=WS 簿龄=0.0s/10s WS事件=2900(簿1968/增量0) 距上次WS=0.0s] [TWAP#196 age=0s]
[02:33:33] t+  214s  TWAP=77043.371 range= 15.732  Up  0.270/ 0.320×100  Down  0.680/ 0.730×49  [盘口=WS 簿龄=0.7s/10s WS事件=2922(簿1982/增量0) 距上次WS=0.6s] [TWAP#198 age=0s]
[02:33:35] t+  216s  TWAP=77043.485 range= 15.732  Up  0.280/ 0.290×628  Down  0.710/ 0.720×35  [盘口=WS 簿龄=0.9s/10s WS事件=2939(簿1994/增量0) 距上次WS=0.9s] [TWAP#199 age=1s]
[02:33:37] t+  218s  TWAP=77043.268 range= 15.732  Up  0.280/ 0.290×625  Down  0.710/ 0.720×20  [盘口=WS 簿龄=0.0s/10s WS事件=2961(簿2008/增量0) 距上次WS=0.0s] [TWAP#202 age=0s]
[02:33:39] t+  220s  TWAP=77043.160 range= 15.732  Up  0.270/ 0.280×895  Down  0.720/ 0.730×115  [盘口=WS 簿龄=0.4s/10s WS事件=2985(簿2024/增量0) 距上次WS=0.4s] [TWAP#203 age=1s]
[02:33:41] t+  222s  TWAP=77042.871 range= 15.732  Up  0.290/ 0.310×10  Down  0.690/ 0.710×933  [盘口=WS 簿龄=0.2s/10s WS事件=3027(簿2052/增量0) 距上次WS=0.1s] [TWAP#206 age=0s]
[02:33:43] t+  224s  TWAP=77042.783 range= 15.732  Up  0.300/ 0.310×190  Down  0.690/ 0.700×107  [盘口=WS 簿龄=0.2s/10s WS事件=3042(簿2062/增量0) 距上次WS=0.1s] [TWAP#207 age=2s]
[02:33:45] t+  226s  TWAP=77042.749 range= 15.732  Up  0.170/ 0.180×525  Down  0.820/ 0.830×44  [盘口=WS 簿龄=0.1s/10s WS事件=3107(簿2106/增量0) 距上次WS=0.1s] [TWAP#209 age=1s]
[02:33:47] t+  228s  TWAP=77042.722 range= 15.732  Up  0.260/ 0.270×63  Down  0.730/ 0.740×47  [盘口=WS 簿龄=0.1s/10s WS事件=3203(簿2170/增量0) 距上次WS=0.1s] [TWAP#212 age=0s]
[02:33:49] t+  230s  TWAP=77042.734 range= 15.732  Up  0.110/ 0.120×100  Down  0.880/ 0.890×132  [盘口=WS 簿龄=0.1s/10s WS事件=3293(簿2232/增量0) 距上次WS=0.0s] [TWAP#213 age=1s]
[02:33:51] t+  232s  TWAP=77042.718 range= 15.732  Up  0.100/ 0.110×100  Down  0.890/ 0.900×243  [盘口=WS 簿龄=0.1s/10s WS事件=3392(簿2300/增量0) 距上次WS=0.0s] [TWAP#214 age=1s]
[02:33:53] t+  234s  TWAP=77042.556 range= 15.732  Up  0.020/ 0.030×471  Down  0.970/ 0.980×812  [盘口=WS 簿龄=0.0s/10s WS事件=3483(簿2363/增量0) 距上次WS=0.0s] [TWAP#217 age=0s]
[02:33:55] t+  236s  TWAP=77042.411 range= 15.732  Up  0.020/ 0.030×191  Down  0.970/ 0.980×448  [盘口=WS 簿龄=0.0s/10s WS事件=3553(簿2408/增量0) 距上次WS=0.0s] [TWAP#218 age=1s]
[02:33:57] t+  238s  TWAP=77042.036 range= 15.732  Up  0.010/ 0.020×74  Down  0.980/ 0.990×4752  [盘口=WS 簿龄=0.1s/10s WS事件=3585(簿2430/增量0) 距上次WS=0.1s] [TWAP#220 age=1s]
[02:33:59] t+  240s  TWAP=77041.649 range= 15.732  Up  0.010/ 0.020×273  Down  0.980/ 0.990×4554  [盘口=WS 簿龄=0.2s/10s WS事件=3633(簿2462/增量0) 距上次WS=0.1s] [TWAP#222 age=1s]
[02:34:03] 本窗口未入场，进入下一个窗口（1/20）。
[02:34:59] [窗口 2] 起点 1789065300（本地 02:34:59），开始持续监测 …
[02:35:01] 市场: Bitcoin Up or Down - September 10, 2:35PM-2:40PM ET  (minSize=5)
[02:35:02] t+    1s  TWAP=      n/a range=    n/a  Up  0.740/ 0.750×82  Down  0.250/ 0.260×523  [盘口=REST 簿龄=0.5s/10s WS事件=0(簿0/增量0) 距上次WS=从未] [TWAP#0 age=无]
[02:35:04] t+    5s  TWAP=77028.786 range=  0.000  Up  0.760/ 0.770×196  Down  0.230/ 0.240×296  [盘口=WS 簿龄=0.0s/10s WS事件=13(簿10/增量0) 距上次WS=0.0s] [TWAP#1 age=0s]
[02:35:06] t+    7s  TWAP=77029.444 range=  0.658  Up  0.760/ 0.770×123  Down  0.230/ 0.240×725  [盘口=WS 簿龄=0.5s/10s WS事件=37(簿26/增量0) 距上次WS=0.4s] [TWAP#2 age=1s]
[02:35:08] t+    9s  TWAP=77031.438 range=  2.652  Up  0.610/ 0.620×315  Down  0.380/ 0.390×383  [盘口=WS 簿龄=0.0s/10s WS事件=152(簿106/增量0) 距上次WS=0.0s] [TWAP#5 age=0s]
[02:35:10] t+   11s  TWAP=77032.940 range=  4.154  Up  0.650/ 0.660×246  Down  0.340/ 0.350×261  [盘口=WS 簿龄=0.1s/10s WS事件=202(簿140/增量0) 距上次WS=0.1s] [TWAP#7 age=0s]
[02:35:12] t+   13s  TWAP=77034.324 range=  5.538  Up  0.650/ 0.660×106  Down  0.340/ 0.350×490  [盘口=WS 簿龄=0.1s/10s WS事件=238(簿164/增量0) 距上次WS=0.0s] [TWAP#9 age=0s]
[02:35:14] t+   15s  TWAP=77035.361 range=  6.576  Up  0.640/ 0.650×120  Down  0.350/ 0.360×498  [盘口=WS 簿龄=0.1s/10s WS事件=256(簿176/增量0) 距上次WS=0.1s] [TWAP#11 age=0s]
[02:35:16] t+   17s  TWAP=77035.846 range=  7.061  Up  0.680/ 0.690×209  Down  0.310/ 0.320×369  [盘口=WS 簿龄=0.9s/10s WS事件=307(簿210/增量0) 距上次WS=0.9s] [TWAP#12 age=2s]
[02:35:18] t+   19s  TWAP=77037.329 range=  8.543  Up  0.660/ 0.680×1373  Down  0.320/ 0.340×173  [盘口=WS 簿龄=0.3s/10s WS事件=328(簿224/增量0) 距上次WS=0.3s] [TWAP#15 age=0s]
[02:35:20] t+   21s  TWAP=77038.330 range=  9.544  Up  0.660/ 0.670×446  Down  0.330/ 0.340×409  [盘口=WS 簿龄=0.3s/10s WS事件=340(簿232/增量0) 距上次WS=0.2s] [TWAP#17 age=0s]
[02:35:22] t+   23s  TWAP=77038.861 range= 10.075  Up  0.660/ 0.670×186  Down  0.330/ 0.340×902  [盘口=WS 簿龄=0.4s/10s WS事件=361(簿246/增量0) 距上次WS=0.4s] [TWAP#18 age=1s]
[02:35:24] t+   25s  TWAP=77040.496 range= 11.710  Up  0.670/ 0.680×217  Down  0.320/ 0.330×387  [盘口=WS 簿龄=0.2s/10s WS事件=367(簿250/增量0) 距上次WS=0.2s] [TWAP#21 age=0s]
[02:35:26] t+   27s  TWAP=77041.583 range= 12.797  Up  0.650/ 0.660×15  Down  0.340/ 0.350×20  [盘口=WS 簿龄=0.1s/10s WS事件=396(簿270/增量0) 距上次WS=0.1s] [TWAP#23 age=0s]
[02:35:28] t+   29s  TWAP=77043.183 range= 14.397  Up  0.590/ 0.600×447  Down  0.400/ 0.410×185  [盘口=WS 簿龄=0.3s/10s WS事件=443(簿302/增量0) 距上次WS=0.2s] [TWAP#25 age=0s]
[02:35:30] t+   31s  TWAP=77043.720 range= 14.935  Up  0.590/ 0.600×305  Down  0.400/ 0.410×250  [盘口=WS 簿龄=0.2s/10s WS事件=506(簿344/增量0) 距上次WS=0.2s] [TWAP#27 age=1s]
[02:35:32] t+   33s  TWAP=77044.649 range= 15.863  Up  0.590/ 0.600×297  Down  0.400/ 0.410×474  [盘口=WS 簿龄=0.1s/10s WS事件=521(簿354/增量0) 距上次WS=0.1s] [TWAP#29 age=0s]
[02:35:34] t+   35s  TWAP=77045.156 range= 16.370  Up  0.610/ 0.620×27  Down  0.380/ 0.390×838  [盘口=WS 簿龄=0.6s/10s WS事件=539(簿366/增量0) 距上次WS=0.5s] [TWAP#31 age=1s]
[02:35:36] t+   37s  TWAP=77045.621 range= 16.835  Up  0.630/ 0.640×24  Down  0.360/ 0.370×596  [盘口=WS 簿龄=0.5s/10s WS事件=557(簿378/增量0) 距上次WS=0.4s] [TWAP#33 age=0s]
[02:35:38] t+   39s  TWAP=77046.070 range= 17.284  Up  0.640/ 0.650×495  Down  0.350/ 0.360×409  [盘口=WS 簿龄=0.5s/10s WS事件=563(簿382/增量0) 距上次WS=0.5s] [TWAP#35 age=0s]
[02:35:40] t+   41s  TWAP=77046.510 range= 17.725  Up  0.650/ 0.660×14  Down  0.340/ 0.350×625  [盘口=WS 簿龄=0.1s/10s WS事件=602(簿408/增量0) 距上次WS=0.0s] [TWAP#37 age=0s]
[02:35:42] t+   43s  TWAP=77046.944 range= 18.158  Up  0.660/ 0.670×60  Down  0.330/ 0.340×263  [盘口=WS 簿龄=0.4s/10s WS事件=625(簿424/增量0) 距上次WS=0.4s] [TWAP#39 age=0s]
[02:35:44] t+   45s  TWAP=77047.391 range= 18.605  Up  0.670/ 0.680×601  Down  0.320/ 0.330×317  [盘口=WS 簿龄=0.3s/10s WS事件=640(簿434/增量0) 距上次WS=0.3s] [TWAP#41 age=0s]
[02:35:46] t+   47s  TWAP=77047.844 range= 19.059  Up  0.680/ 0.690×95  Down  0.310/ 0.320×301  [盘口=WS 簿龄=0.3s/10s WS事件=661(簿448/增量0) 距上次WS=0.3s] [TWAP#43 age=0s]
[02:35:48] t+   49s  TWAP=77047.888 range= 19.102  Up  0.680/ 0.690×241  Down  0.310/ 0.320×356  [盘口=WS 簿龄=0.8s/10s WS事件=670(簿454/增量0) 距上次WS=0.8s] [TWAP#45 age=0s]
[02:35:50] t+   51s  TWAP=77047.842 range= 19.102  Up  0.730/ 0.740×387  Down  0.260/ 0.270×220  [盘口=WS 簿龄=0.5s/10s WS事件=707(簿480/增量0) 距上次WS=0.4s] [TWAP#47 age=0s]
[02:35:52] t+   53s  TWAP=77047.794 range= 19.102  Up  0.730/ 0.740×764  Down  0.260/ 0.270×183  [盘口=WS 簿龄=0.5s/10s WS事件=716(簿486/增量0) 距上次WS=0.5s] [TWAP#48 age=0s]
[02:35:54] t+   55s  TWAP=77047.794 range= 19.102  Up  0.730/ 0.740×263  Down  0.260/ 0.270×270  [盘口=WS 簿龄=0.5s/10s WS事件=731(簿496/增量0) 距上次WS=0.5s] [TWAP#48 age=3s]
[02:35:56] t+   57s  TWAP=77047.944 range= 19.159  Up  0.730/ 0.740×93  Down  0.260/ 0.270×421  [盘口=WS 簿龄=0.6s/10s WS事件=737(簿500/增量0) 距上次WS=0.6s] [TWAP#51 age=0s]
[02:35:58] t+   59s  TWAP=77048.143 range= 19.357  Up  0.730/ 0.740×111  Down  0.260/ 0.270×360  [盘口=WS 簿龄=0.5s/10s WS事件=749(簿508/增量0) 距上次WS=0.4s] [TWAP#53 age=0s]
[02:36:01] t+   61s  TWAP=77048.145 range= 19.360  Up  0.760/ 0.770×253  Down  0.230/ 0.240×257  [盘口=WS 簿龄=0.0s/10s WS事件=799(簿544/增量0) 距上次WS=0.0s] [TWAP#54 age=1s]
[02:36:03] t+   63s  TWAP=77048.138 range= 19.360  Up  0.760/ 0.770×253  Down  0.230/ 0.240×257  [盘口=WS 簿龄=2.0s/10s WS事件=800(簿544/增量0) 距上次WS=2.0s] [TWAP#56 age=1s]
[02:36:05] t+   65s  TWAP=77048.121 range= 19.360  Up  0.760/ 0.770×112  Down  0.230/ 0.240×429  [盘口=WS 簿龄=0.5s/10s WS事件=818(簿556/增量0) 距上次WS=0.5s] [TWAP#59 age=0s]
[02:36:07] t+   67s  TWAP=77048.131 range= 19.360  Up  0.760/ 0.770×415  Down  0.230/ 0.240×40  [盘口=WS 簿龄=0.3s/10s WS事件=824(簿560/增量0) 距上次WS=0.3s] [TWAP#60 age=1s]
[02:36:09] t+   69s  TWAP=77048.110 range= 19.362  Up  0.750/ 0.760×152  Down  0.240/ 0.250×510  [盘口=WS 簿龄=0.3s/10s WS事件=839(簿570/增量0) 距上次WS=0.2s] [TWAP#63 age=0s]
[02:36:11] t+   71s  TWAP=77048.053 range= 19.362  Up  0.750/ 0.760×152  Down  0.240/ 0.250×510  [盘口=WS 簿龄=2.3s/10s WS事件=839(簿570/增量0) 距上次WS=2.2s] [TWAP#64 age=2s]
[02:36:11] [入场检查] ✅ Down ask= 0.250（档深510份） 波动$19.36 → 市价买 ≈ $2.00，止盈  0.650
[02:36:14] 买单: FILLED 
[02:36:14] 成交: 18.1818 份 @ 0.1099999950500002227499899763（≈$2.00）
[02:36:16] t+   76s  TWAP=77048.475 range= 19.689  Up  0.890/ 0.900×160  Down  0.100/ 0.110×70  [盘口=WS 簿龄=0.0s/10s WS事件=975(簿664/增量0) 距上次WS=0.0s] [TWAP#70 age=0s]  [持仓 Down @0.1099999950500002227499899763 浮动 -0.010]
[02:36:18] t+   78s  TWAP=77048.618 range= 19.832  Up  0.910/ 0.920×759  Down  0.080/ 0.090×107  [盘口=WS 簿龄=0.3s/10s WS事件=1008(簿686/增量0) 距上次WS=0.2s] [TWAP#72 age=1s]  [持仓 Down @0.1099999950500002227499899763 浮动 -0.030]
[02:36:20] t+   80s  TWAP=77049.496 range= 20.711  Up  0.880/ 0.890×566  Down  0.110/ 0.120×157  [盘口=WS 簿龄=0.1s/10s WS事件=1048(簿714/增量0) 距上次WS=0.0s] [TWAP#74 age=1s]  [持仓 Down @0.1099999950500002227499899763 浮动 +0.000]
[02:36:22] t+   82s  TWAP=77050.546 range= 21.761  Up  0.900/ 0.910×88  Down  0.090/ 0.100×351  [盘口=WS 簿龄=0.1s/10s WS事件=1075(簿732/增量0) 距上次WS=0.1s] [TWAP#76 age=1s]  [持仓 Down @0.1099999950500002227499899763 浮动 -0.020]
[02:36:24] t+   84s  TWAP=77052.366 range= 23.580  Up  0.900/ 0.910×278  Down  0.090/ 0.100×334  [盘口=WS 簿龄=0.4s/10s WS事件=1087(簿740/增量0) 距上次WS=0.3s] [TWAP#78 age=0s]  [持仓 Down @0.1099999950500002227499899763 浮动 -0.020]
[02:36:26] t+   86s  TWAP=77053.569 range= 24.783  Up  0.900/ 0.910×450  Down  0.090/ 0.100×97  [盘口=WS 簿龄=0.4s/10s WS事件=1098(簿748/增量0) 距上次WS=0.4s] [TWAP#80 age=1s]  [持仓 Down @0.1099999950500002227499899763 浮动 -0.020]
[02:36:28] t+   88s  TWAP=77054.179 range= 25.393  Up  0.900/ 0.910×55  Down  0.090/ 0.100×610  [盘口=WS 簿龄=0.1s/10s WS事件=1110(簿756/增量0) 距上次WS=0.1s] [TWAP#82 age=1s]  [持仓 Down @0.1099999950500002227499899763 浮动 -0.020]
[02:36:30] t+   90s  TWAP=77055.997 range= 27.211  Up  0.900/ 0.920×608  Down  0.080/ 0.100×410  [盘口=WS 簿龄=0.3s/10s WS事件=1125(簿766/增量0) 距上次WS=0.3s] [TWAP#84 age=0s]  [持仓 Down @0.1099999950500002227499899763 浮动 -0.030]
[02:36:32] t+   92s  TWAP=77057.344 range= 28.559  Up  0.910/ 0.920×463  Down  0.080/ 0.090×233  [盘口=WS 簿龄=0.1s/10s WS事件=1143(簿778/增量0) 距上次WS=0.1s] [TWAP#86 age=0s]  [持仓 Down @0.1099999950500002227499899763 浮动 -0.030]
[02:36:34] t+   94s  TWAP=77058.705 range= 29.919  Up  0.910/ 0.920×392  Down  0.080/ 0.090×263  [盘口=WS 簿龄=0.0s/10s WS事件=1151(簿784/增量0) 距上次WS=0.0s] [TWAP#88 age=0s]  [持仓 Down @0.1099999950500002227499899763 浮动 -0.030]
[02:36:36] t+   96s  TWAP=77060.065 range= 31.280  Up  0.930/ 0.940×97  Down  0.060/ 0.070×559  [盘口=WS 簿龄=0.2s/10s WS事件=1176(簿800/增量0) 距上次WS=0.2s] [TWAP#91 age=0s]  [持仓 Down @0.1099999950500002227499899763 浮动 -0.050]
[02:36:38] t+   98s  TWAP=77061.467 range= 32.681  Up  0.930/ 0.940×97  Down  0.060/ 0.070×385  [盘口=WS 簿龄=1.4s/10s WS事件=1179(簿802/增量0) 距上次WS=1.4s] [TWAP#93 age=0s]  [持仓 Down @0.1099999950500002227499899763 浮动 -0.050]
[02:36:40] t+  100s  TWAP=77062.978 range= 34.192  Up  0.930/ 0.940×401  Down  0.060/ 0.070×163  [盘口=WS 簿龄=0.4s/10s WS事件=1200(簿816/增量0) 距上次WS=0.4s] [TWAP#95 age=0s]  [持仓 Down @0.1099999950500002227499899763 浮动 -0.050]
[02:36:42] t+  102s  TWAP=77064.665 range= 35.879  Up  0.930/ 0.940×321  Down  0.060/ 0.070×349  [盘口=WS 簿龄=0.8s/10s WS事件=1206(簿820/增量0) 距上次WS=0.7s] [TWAP#96 age=1s]  [持仓 Down @0.1099999950500002227499899763 浮动 -0.050]
[02:36:44] t+  104s  TWAP=77065.508 range= 36.722  Up  0.930/ 0.940×315  Down  0.060/ 0.070×417  [盘口=WS 簿龄=1.2s/10s WS事件=1212(簿824/增量0) 距上次WS=1.2s] [TWAP#98 age=1s]  [持仓 Down @0.1099999950500002227499899763 浮动 -0.050]
[02:36:46] t+  106s  TWAP=77067.221 range= 38.436  Up  0.940/ 0.950×695  Down  0.050/ 0.060×145  [盘口=WS 簿龄=0.2s/10s WS事件=1242(簿844/增量0) 距上次WS=0.2s] [TWAP#100 age=1s]  [持仓 Down @0.1099999950500002227499899763 浮动 -0.060]
[02:36:48] t+  108s  TWAP=77068.968 range= 40.183  Up  0.940/ 0.950×326  Down  0.050/ 0.060×620  [盘口=WS 簿龄=0.0s/10s WS事件=1262(簿858/增量0) 距上次WS=0.0s] [TWAP#102 age=1s]  [持仓 Down @0.1099999950500002227499899763 浮动 -0.060]
[02:36:50] t+  110s  TWAP=77070.698 range= 41.913  Up  0.940/ 0.950×282  Down  0.050/ 0.060×517  [盘口=WS 簿龄=0.1s/10s WS事件=1278(簿868/增量0) 距上次WS=0.1s] [TWAP#104 age=1s]  [持仓 Down @0.1099999950500002227499899763 浮动 -0.060]
[02:36:52] t+  112s  TWAP=77073.372 range= 44.586  Up  0.940/ 0.950×114  Down  0.050/ 0.060×547  [盘口=WS 簿龄=0.1s/10s WS事件=1296(簿880/增量0) 距上次WS=0.1s] [TWAP#106 age=0s]  [持仓 Down @0.1099999950500002227499899763 浮动 -0.060]
[02:36:54] t+  114s  TWAP=77075.230 range= 46.444  Up  0.940/ 0.950×166  Down  0.050/ 0.060×1538  [盘口=WS 簿龄=0.4s/10s WS事件=1307(簿888/增量0) 距上次WS=0.4s] [TWAP#108 age=0s]  [持仓 Down @0.1099999950500002227499899763 浮动 -0.060]
[02:36:56] t+  117s  TWAP=77076.158 range= 47.372  Up  0.940/ 0.950×84  Down  0.050/ 0.060×1583  [盘口=WS 簿龄=0.1s/10s WS事件=1326(簿900/增量0) 距上次WS=0.1s] [TWAP#109 age=1s]  [持仓 Down @0.1099999950500002227499899763 浮动 -0.060]
[02:36:58] t+  119s  TWAP=77077.949 range= 49.163  Up  0.950/ 0.960×331  Down  0.040/ 0.050×145  [盘口=WS 簿龄=0.2s/10s WS事件=1343(簿912/增量0) 距上次WS=0.2s] [TWAP#111 age=1s]  [持仓 Down @0.1099999950500002227499899763 浮动 -0.070]
[02:37:00] t+  121s  TWAP=77079.717 range= 50.931  Up  0.940/ 0.950×196  Down  0.050/ 0.060×577  [盘口=WS 簿龄=0.1s/10s WS事件=1366(簿928/增量0) 距上次WS=0.1s] [TWAP#113 age=1s]  [持仓 Down @0.1099999950500002227499899763 浮动 -0.060]
[02:37:02] t+  123s  TWAP=77081.576 range= 52.790  Up  0.930/ 0.940×125  Down  0.060/ 0.070×355  [盘口=WS 簿龄=0.1s/10s WS事件=1375(簿934/增量0) 距上次WS=0.0s] [TWAP#115 age=1s]  [持仓 Down @0.1099999950500002227499899763 浮动 -0.050]
[02:37:04] t+  125s  TWAP=77083.375 range= 54.589  Up  0.960/ 0.970×1187  Down  0.030/ 0.040×10  [盘口=WS 簿龄=0.7s/10s WS事件=1402(簿952/增量0) 距上次WS=0.6s] [TWAP#117 age=0s]  [持仓 Down @0.1099999950500002227499899763 浮动 -0.080]
[02:37:06] t+  127s  TWAP=77084.858 range= 56.072  Up  0.940/ 0.950×57  Down  0.050/ 0.060×342  [盘口=WS 簿龄=0.2s/10s WS事件=1450(簿984/增量0) 距上次WS=0.2s] [TWAP#119 age=0s]  [持仓 Down @0.1099999950500002227499899763 浮动 -0.060]
[02:37:08] t+  129s  TWAP=77086.194 range= 57.408  Up  0.950/ 0.960×145  Down  0.040/ 0.050×89  [盘口=WS 簿龄=1.7s/10s WS事件=1456(簿988/增量0) 距上次WS=1.6s] [TWAP#121 age=0s]  [持仓 Down @0.1099999950500002227499899763 浮动 -0.070]
[02:37:10] t+  131s  TWAP=77087.664 range= 58.878  Up  0.950/ 0.960×27  Down  0.040/ 0.050×525  [盘口=WS 簿龄=0.8s/10s WS事件=1462(簿992/增量0) 距上次WS=0.7s] [TWAP#122 age=1s]  [持仓 Down @0.1099999950500002227499899763 浮动 -0.070]
[02:37:12] t+  133s  TWAP=77089.080 range= 60.294  Up  0.950/ 0.960×101  Down  0.040/ 0.050×387  [盘口=WS 簿龄=0.1s/10s WS事件=1474(簿1000/增量0) 距上次WS=0.1s] [TWAP#124 age=1s]  [持仓 Down @0.1099999950500002227499899763 浮动 -0.070]
[02:37:14] t+  135s  TWAP=77090.520 range= 61.734  Up  0.940/ 0.950×227  Down  0.050/ 0.060×383  [盘口=WS 簿龄=0.5s/10s WS事件=1492(簿1012/增量0) 距上次WS=0.4s] [TWAP#126 age=1s]  [持仓 Down @0.1099999950500002227499899763 浮动 -0.060]
[02:37:16] t+  137s  TWAP=77091.954 range= 63.168  Up  0.940/ 0.950×137  Down  0.050/ 0.060×260  [盘口=WS 簿龄=0.7s/10s WS事件=1504(簿1020/增量0) 距上次WS=0.6s] [TWAP#128 age=1s]  [持仓 Down @0.1099999950500002227499899763 浮动 -0.060]
[02:37:18] t+  139s  TWAP=77093.410 range= 64.624  Up  0.940/ 0.950×155  Down  0.050/ 0.060×410  [盘口=WS 簿龄=0.1s/10s WS事件=1516(簿1028/增量0) 距上次WS=0.1s] [TWAP#130 age=1s]  [持仓 Down @0.1099999950500002227499899763 浮动 -0.060]
[02:37:20] t+  141s  TWAP=77094.469 range= 65.684  Up  0.940/ 0.950×720  Down  0.050/ 0.060×54  [盘口=WS 簿龄=0.1s/10s WS事件=1557(簿1056/增量0) 距上次WS=0.1s] [TWAP#133 age=0s]  [持仓 Down @0.1099999950500002227499899763 浮动 -0.060]
[02:37:22] t+  143s  TWAP=77094.658 range= 65.872  Up  0.950/ 0.960×356  Down  0.040/ 0.050×79  [盘口=WS 簿龄=0.5s/10s WS事件=1563(簿1060/增量0) 距上次WS=0.5s] [TWAP#134 age=1s]  [持仓 Down @0.1099999950500002227499899763 浮动 -0.070]
[02:37:24] t+  145s  TWAP=77094.924 range= 66.138  Up  0.950/ 0.960×201  Down  0.040/ 0.050×524  [盘口=WS 簿龄=0.2s/10s WS事件=1566(簿1062/增量0) 距上次WS=0.1s] [TWAP#136 age=1s]  [持仓 Down @0.1099999950500002227499899763 浮动 -0.070]
[02:37:26] t+  147s  TWAP=77095.152 range= 66.366  Up  0.950/ 0.960×230  Down  0.040/ 0.050×606  [盘口=WS 簿龄=0.1s/10s WS事件=1575(簿1068/增量0) 距上次WS=0.0s] [TWAP#138 age=1s]  [持仓 Down @0.1099999950500002227499899763 浮动 -0.070]
[02:37:28] t+  149s  TWAP=77095.299 range= 66.514  Up  0.950/ 0.960×230  Down  0.040/ 0.050×606  [盘口=WS 簿龄=2.1s/10s WS事件=1575(簿1068/增量0) 距上次WS=2.0s] [TWAP#140 age=1s]  [持仓 Down @0.1099999950500002227499899763 浮动 -0.070]
[02:37:30] t+  151s  TWAP=77095.457 range= 66.671  Up  0.950/ 0.960×112  Down  0.040/ 0.050×606  [盘口=WS 簿龄=0.2s/10s WS事件=1584(簿1074/增量0) 距上次WS=0.1s] [TWAP#142 age=1s]  [持仓 Down @0.1099999950500002227499899763 浮动 -0.070]
[02:37:32] t+  153s  TWAP=77095.625 range= 66.839  Up  0.950/ 0.960×81  Down  0.040/ 0.050×606  [盘口=WS 簿龄=0.5s/10s WS事件=1596(簿1082/增量0) 距上次WS=0.4s] [TWAP#144 age=1s]  [持仓 Down @0.1099999950500002227499899763 浮动 -0.070]
[02:37:34] t+  155s  TWAP=77095.805 range= 67.019  Up  0.960/ 0.970×707  Down  0.030/ 0.040×119  [盘口=WS 簿龄=0.0s/10s WS事件=1598(簿1084/增量0) 距上次WS=0.0s] [TWAP#146 age=1s]  [持仓 Down @0.1099999950500002227499899763 浮动 -0.080]
[02:37:36] t+  157s  TWAP=77096.076 range= 67.290  Up  0.960/ 0.970×707  Down  0.030/ 0.040×119  [盘口=WS 簿龄=2.0s/10s WS事件=1599(簿1084/增量0) 距上次WS=2.0s] [TWAP#148 age=0s]  [持仓 Down @0.1099999950500002227499899763 浮动 -0.080]
[02:37:38] t+  159s  TWAP=77096.238 range= 67.452  Up  0.960/ 0.970×873  Down  0.030/ 0.040×234  [盘口=WS 簿龄=0.8s/10s WS事件=1602(簿1086/增量0) 距上次WS=0.8s] [TWAP#151 age=0s]  [持仓 Down @0.1099999950500002227499899763 浮动 -0.080]
[02:37:40] t+  161s  TWAP=77096.319 range= 67.533  Up  0.960/ 0.970×873  Down  0.030/ 0.040×234  [盘口=WS 簿龄=2.8s/10s WS事件=1602(簿1086/增量0) 距上次WS=2.8s] [TWAP#152 age=1s]  [持仓 Down @0.1099999950500002227499899763 浮动 -0.080]
[02:37:42] t+  163s  TWAP=77096.235 range= 67.533  Up  0.960/ 0.970×822  Down  0.030/ 0.040×284  [盘口=WS 簿龄=0.8s/10s WS事件=1608(簿1090/增量0) 距上次WS=0.8s] [TWAP#154 age=1s]  [持仓 Down @0.1099999950500002227499899763 浮动 -0.080]
[02:37:44] t+  165s  TWAP=77096.084 range= 67.533  Up  0.960/ 0.970×812  Down  0.030/ 0.040×386  [盘口=WS 簿龄=0.1s/10s WS事件=1610(簿1092/增量0) 距上次WS=0.1s] [TWAP#156 age=1s]  [持仓 Down @0.1099999950500002227499899763 浮动 -0.080]
[02:37:46] t+  167s  TWAP=77095.909 range= 67.533  Up  0.960/ 0.970×592  Down  0.030/ 0.040×282  [盘口=WS 簿龄=0.6s/10s WS事件=1626(簿1102/增量0) 距上次WS=0.6s] [TWAP#158 age=1s]  [持仓 Down @0.1099999950500002227499899763 浮动 -0.080]
[02:37:48] t+  169s  TWAP=77095.630 range= 67.533  Up  0.960/ 0.970×592  Down  0.030/ 0.040×282  [盘口=WS 簿龄=2.6s/10s WS事件=1626(簿1102/增量0) 距上次WS=2.6s] [TWAP#160 age=0s]  [持仓 Down @0.1099999950500002227499899763 浮动 -0.080]
[02:37:50] t+  171s  TWAP=77095.426 range= 67.533  Up  0.960/ 0.970×635  Down  0.030/ 0.040×145  [盘口=WS 簿龄=0.6s/10s WS事件=1632(簿1106/增量0) 距上次WS=0.6s] [TWAP#162 age=1s]  [持仓 Down @0.1099999950500002227499899763 浮动 -0.080]
[02:37:52] t+  173s  TWAP=77095.315 range= 67.533  Up  0.960/ 0.970×15  Down  0.030/ 0.040×541  [盘口=WS 簿龄=0.1s/10s WS事件=1679(簿1138/增量0) 距上次WS=0.1s] [TWAP#164 age=1s]  [持仓 Down @0.1099999950500002227499899763 浮动 -0.080]
[02:37:54] t+  175s  TWAP=77095.014 range= 67.533  Up  0.970/ 0.980×867  Down  0.020/ 0.030×318  [盘口=WS 簿龄=0.0s/10s WS事件=1704(簿1156/增量0) 距上次WS=0.0s] [TWAP#166 age=1s]  [持仓 Down @0.1099999950500002227499899763 浮动 -0.090]
[02:37:56] t+  177s  TWAP=77094.584 range= 67.533  Up  0.970/ 0.980×706  Down  0.020/ 0.030×272  [盘口=WS 簿龄=0.5s/10s WS事件=1710(簿1160/增量0) 距上次WS=0.4s] [TWAP#168 age=1s]  [持仓 Down @0.1099999950500002227499899763 浮动 -0.090]
[02:37:58] t+  179s  TWAP=77094.104 range= 67.533  Up  0.970/ 0.980×706  Down  0.020/ 0.030×357  [盘口=WS 簿龄=0.6s/10s WS事件=1713(簿1162/增量0) 距上次WS=0.6s] [TWAP#170 age=1s]  [持仓 Down @0.1099999950500002227499899763 浮动 -0.090]
[02:38:00] t+  181s  TWAP=77093.470 range= 67.533  Up  0.980/ 0.990×3808  Down  0.010/ 0.020×438  [盘口=WS 簿龄=0.0s/10s WS事件=1750(簿1188/增量0) 距上次WS=0.0s] [TWAP#173 age=0s]  [持仓 Down @0.1099999950500002227499899763 浮动 -0.100]
[02:38:02] t+  183s  TWAP=77093.044 range= 67.533  Up  0.990/   n/a  Down    n/a/ 0.010×173  [盘口=WS 簿龄=0.1s/10s WS事件=1805(簿1224/增量0) 距上次WS=0.0s] [TWAP#175 age=0s]  [持仓 Down @0.1099999950500002227499899763 浮动 +0.000]
[02:38:04] t+  185s  TWAP=77092.666 range= 67.533  Up  0.990/   n/a  Down    n/a/ 0.010×2887  [盘口=WS 簿龄=0.2s/10s WS事件=1814(簿1230/增量0) 距上次WS=0.2s] [TWAP#176 age=1s]  [持仓 Down @0.1099999950500002227499899763 浮动 +0.000]
[02:38:06] t+  187s  TWAP=77092.822 range= 67.533  Up  0.990/   n/a  Down    n/a/ 0.010×2013  [盘口=WS 簿龄=0.2s/10s WS事件=1829(簿1240/增量0) 距上次WS=0.1s] [TWAP#179 age=0s]  [持仓 Down @0.1099999950500002227499899763 浮动 +0.000]
[02:38:08] t+  189s  TWAP=77092.912 range= 67.533  Up  0.990/   n/a  Down    n/a/ 0.010×2013  [盘口=WS 簿龄=2.2s/10s WS事件=1829(簿1240/增量0) 距上次WS=2.1s] [TWAP#181 age=0s]  [持仓 Down @0.1099999950500002227499899763 浮动 +0.000]
[02:38:10] t+  191s  TWAP=77092.918 range= 67.533  Up  0.990/   n/a  Down    n/a/ 0.010×752  [盘口=WS 簿龄=0.5s/10s WS事件=1835(簿1244/增量0) 距上次WS=0.5s] [TWAP#183 age=0s]  [持仓 Down @0.1099999950500002227499899763 浮动 +0.000]
[02:38:12] t+  193s  TWAP=77092.921 range= 67.533  Up  0.990/   n/a  Down    n/a/ 0.010×752  [盘口=WS 簿龄=2.5s/10s WS事件=1835(簿1244/增量0) 距上次WS=2.5s] [TWAP#184 age=1s]  [持仓 Down @0.1099999950500002227499899763 浮动 +0.000]
[02:38:14] t+  195s  TWAP=77092.809 range= 67.533  Up  0.990/   n/a  Down    n/a/ 0.010×752  [盘口=WS 簿龄=4.5s/10s WS事件=1835(簿1244/增量0) 距上次WS=4.5s] [TWAP#186 age=1s]  [持仓 Down @0.1099999950500002227499899763 浮动 +0.000]
[02:38:16] t+  197s  TWAP=77092.576 range= 67.533  Up  0.990/   n/a  Down    n/a/ 0.010×752  [盘口=WS 簿龄=6.5s/10s WS事件=1835(簿1244/增量0) 距上次WS=6.5s] [TWAP#189 age=0s]  [持仓 Down @0.1099999950500002227499899763 浮动 +0.000]
[02:38:18] t+  199s  TWAP=77092.574 range= 67.533  Up  0.990/   n/a  Down    n/a/ 0.010×752  [盘口=WS 簿龄=8.5s/10s WS事件=1835(簿1244/增量0) 距上次WS=8.5s] [TWAP#190 age=1s]  [持仓 Down @0.1099999950500002227499899763 浮动 +0.000]
[02:38:20] t+  201s  TWAP=77092.638 range= 67.533  Up  0.990/   n/a  Down    n/a/ 0.010×2071  [盘口=WS 簿龄=1.0s/10s WS事件=1838(簿1246/增量0) 距上次WS=1.0s] [TWAP#192 age=1s]  [持仓 Down @0.1099999950500002227499899763 浮动 +0.000]
[02:38:22] t+  203s  TWAP=77092.936 range= 67.533  Up  0.990/   n/a  Down    n/a/ 0.010×2071  [盘口=WS 簿龄=3.0s/10s WS事件=1838(簿1246/增量0) 距上次WS=3.0s] [TWAP#195 age=0s]  [持仓 Down @0.1099999950500002227499899763 浮动 +0.000]
[02:38:24] t+  205s  TWAP=77093.066 range= 67.533  Up  0.990/   n/a  Down    n/a/ 0.010×2071  [盘口=WS 簿龄=5.0s/10s WS事件=1838(簿1246/增量0) 距上次WS=5.0s] [TWAP#197 age=0s]  [持仓 Down @0.1099999950500002227499899763 浮动 +0.000]
[02:38:26] t+  207s  TWAP=77093.216 range= 67.533  Up  0.990/   n/a  Down    n/a/ 0.010×2071  [盘口=WS 簿龄=7.0s/10s WS事件=1838(簿1246/增量0) 距上次WS=7.0s] [TWAP#198 age=1s]  [持仓 Down @0.1099999950500002227499899763 浮动 +0.000]
[02:38:28] t+  209s  TWAP=77093.561 range= 67.533  Up  0.990/   n/a  Down    n/a/ 0.010×2071  [盘口=WS 簿龄=9.0s/10s WS事件=1838(簿1246/增量0) 距上次WS=9.0s] [TWAP#201 age=0s]  [持仓 Down @0.1099999950500002227499899763 浮动 +0.000]
[02:38:31] t+  211s  TWAP=77093.929 range= 67.533  Up  0.990/   n/a  Down    n/a/ 0.010×3106  [盘口=REST 簿龄=0.7s/10s WS事件=1841(簿1248/增量0) 距上次WS=0.6s] [TWAP#203 age=1s]  [持仓 Down @0.1099999950500002227499899763 浮动 +0.000]
[02:38:33] t+  214s  TWAP=77094.218 range= 67.533  Up  0.990/   n/a  Down    n/a/ 0.010×3106  [盘口=WS 簿龄=2.7s/10s WS事件=1841(簿1248/增量0) 距上次WS=2.6s] [TWAP#206 age=0s]  [持仓 Down @0.1099999950500002227499899763 浮动 +0.000]
[02:38:35] t+  216s  TWAP=77094.512 range= 67.533  Up  0.990/   n/a  Down    n/a/ 0.010×3106  [盘口=WS 簿龄=4.7s/10s WS事件=1841(簿1248/增量0) 距上次WS=4.6s] [TWAP#208 age=0s]  [持仓 Down @0.1099999950500002227499899763 浮动 +0.000]
[02:38:37] t+  218s  TWAP=77094.820 range= 67.533  Up  0.990/   n/a  Down    n/a/ 0.010×3106  [盘口=WS 簿龄=6.7s/10s WS事件=1841(簿1248/增量0) 距上次WS=6.7s] [TWAP#210 age=0s]  [持仓 Down @0.1099999950500002227499899763 浮动 +0.000]
[02:38:39] t+  220s  TWAP=77094.978 range= 67.533  Up  0.990/   n/a  Down    n/a/ 0.010×3106  [盘口=WS 簿龄=8.7s/10s WS事件=1841(簿1248/增量0) 距上次WS=8.7s] [TWAP#211 age=1s]  [持仓 Down @0.1099999950500002227499899763 浮动 +0.000]
[02:38:43] t+  222s  TWAP=77095.791 range= 67.533  Up  0.990/   n/a  Down    n/a/ 0.010×8290  [盘口=REST 簿龄=12.4s/10s WS事件=1841(簿1248/增量0) 距上次WS=12.4s] [TWAP#216 age=0s]  [持仓 Down @0.1099999950500002227499899763 浮动 +0.000]
[02:38:45] t+  226s  TWAP=77096.145 range= 67.533  Up  0.990/   n/a  Down    n/a/ 0.010×8287  [盘口=WS 簿龄=1.8s/10s WS事件=1844(簿1250/增量0) 距上次WS=1.8s] [TWAP#218 age=0s]  [持仓 Down @0.1099999950500002227499899763 浮动 +0.000]
[02:38:47] t+  228s  TWAP=77096.340 range= 67.554  Up  0.990/   n/a  Down    n/a/ 0.010×8287  [盘口=WS 簿龄=3.8s/10s WS事件=1844(簿1250/增量0) 距上次WS=3.8s] [TWAP#219 age=1s]  [持仓 Down @0.1099999950500002227499899763 浮动 +0.000]
[02:38:49] t+  230s  TWAP=77096.973 range= 68.187  Up  0.990/   n/a  Down    n/a/ 0.010×8287  [盘口=WS 簿龄=5.8s/10s WS事件=1844(簿1250/增量0) 距上次WS=5.8s] [TWAP#221 age=1s]  [持仓 Down @0.1099999950500002227499899763 浮动 +0.000]
[02:38:51] t+  232s  TWAP=77097.432 range= 68.646  Up  0.990/   n/a  Down    n/a/ 0.010×8287  [盘口=WS 簿龄=7.8s/10s WS事件=1844(簿1250/增量0) 距上次WS=7.8s] [TWAP#223 age=0s]  [持仓 Down @0.1099999950500002227499899763 浮动 +0.000]
[02:38:53] t+  234s  TWAP=77098.156 range= 69.370  Up  0.990/   n/a  Down    n/a/ 0.010×8287  [盘口=WS 簿龄=9.9s/10s WS事件=1844(簿1250/增量0) 距上次WS=9.8s] [TWAP#225 age=0s]  [持仓 Down @0.1099999950500002227499899763 浮动 +0.000]
[02:38:57] t+  236s  TWAP=77099.616 range= 70.830  Up  0.990/   n/a  Down    n/a/ 0.010×7949  [盘口=REST 簿龄=1.6s/10s WS事件=1847(簿1252/增量0) 距上次WS=1.5s] [TWAP#228 age=1s]  [持仓 Down @0.1099999950500002227499899763 浮动 +0.000]
[02:38:59] t+  239s  TWAP=77100.546 range= 71.760  Up  0.990/   n/a  Down    n/a/ 0.010×7949  [盘口=WS 簿龄=3.6s/10s WS事件=1847(簿1252/增量0) 距上次WS=3.5s] [TWAP#230 age=1s]  [持仓 Down @0.1099999950500002227499899763 浮动 +0.000]
[02:39:01] 到点未止盈（TWAP=77101.466 range= 72.680）。持有到结算：对赎 $1/份，错归 $0。
[02:39:01] 已成交 1/3 笔（已止盈 PnL $+0.00），进入下一个窗口（2/20）。
[02:39:59] [窗口 3] 起点 1789065600（本地 02:39:59），开始持续监测 …
[02:40:02] 市场: Bitcoin Up or Down - September 10, 2:40PM-2:45PM ET  (minSize=5)
[02:40:04] t+    2s  TWAP=      n/a range=    n/a  Up  0.490/ 0.500×243  Down  0.500/ 0.510×468  [盘口=REST 簿龄=0.5s/10s WS事件=0(簿0/增量0) 距上次WS=从未] [TWAP#0 age=无]
[02:40:06] t+    6s  TWAP=77124.011 range=  0.000  Up  0.490/ 0.500×204  Down  0.500/ 0.510×477  [盘口=WS 簿龄=0.3s/10s WS事件=5(簿4/增量0) 距上次WS=0.1s] [TWAP#1 age=0s]
[02:40:08] t+    8s  TWAP=77123.881 range=  0.129  Up  0.490/ 0.500×590  Down  0.500/ 0.510×230  [盘口=WS 簿龄=0.3s/10s WS事件=17(簿12/增量0) 距上次WS=0.3s] [TWAP#3 age=0s]
[02:40:10] t+   10s  TWAP=77123.527 range=  0.484  Up  0.430/ 0.440×405  Down  0.560/ 0.570×136  [盘口=WS 簿龄=0.6s/10s WS事件=59(簿40/增量0) 距上次WS=0.6s] [TWAP#5 age=0s]
[02:40:12] t+   12s  TWAP=77123.176 range=  0.835  Up  0.390/ 0.400×708  Down  0.600/ 0.610×105  [盘口=WS 簿龄=0.6s/10s WS事件=96(簿66/增量0) 距上次WS=0.6s] [TWAP#7 age=1s]
[02:40:14] t+   14s  TWAP=77122.940 range=  1.071  Up  0.380/ 0.390×712  Down  0.610/ 0.620×86  [盘口=WS 簿龄=0.6s/10s WS事件=114(簿78/增量0) 距上次WS=0.2s] [TWAP#9 age=1s]
[02:40:16] t+   16s  TWAP=77122.546 range=  1.465  Up  0.370/ 0.380×5  Down  0.620/ 0.630×813  [盘口=WS 簿龄=0.0s/10s WS事件=161(簿110/增量0) 距上次WS=0.0s] [TWAP#11 age=1s]
[02:40:18] t+   18s  TWAP=77122.261 range=  1.750  Up  0.390/ 0.400×492  Down  0.600/ 0.610×198  [盘口=WS 簿龄=0.8s/10s WS事件=192(簿130/增量0) 距上次WS=0.8s] [TWAP#12 age=1s]
[02:40:20] t+   20s  TWAP=77121.824 range=  2.187  Up  0.390/ 0.400×347  Down  0.600/ 0.610×376  [盘口=WS 簿龄=1.4s/10s WS事件=207(簿140/增量0) 距上次WS=1.4s] [TWAP#15 age=0s]
[02:40:22] t+   22s  TWAP=77121.589 range=  2.422  Up  0.390/ 0.400×142  Down  0.600/ 0.610×659  [盘口=WS 簿龄=1.5s/10s WS事件=210(簿142/增量0) 距上次WS=1.4s] [TWAP#17 age=0s]
[02:40:24] t+   24s  TWAP=77121.514 range=  2.497  Up  0.380/ 0.390×75  Down  0.610/ 0.620×688  [盘口=WS 簿龄=0.2s/10s WS事件=243(簿164/增量0) 距上次WS=0.2s] [TWAP#19 age=1s]
[02:40:26] t+   26s  TWAP=77121.363 range=  2.648  Up  0.410/ 0.420×308  Down  0.580/ 0.590×545  [盘口=WS 簿龄=0.7s/10s WS事件=279(簿188/增量0) 距上次WS=0.7s] [TWAP#21 age=1s]
[02:40:28] t+   28s  TWAP=77121.130 range=  2.881  Up  0.410/ 0.420×547  Down  0.580/ 0.590×165  [盘口=WS 簿龄=0.6s/10s WS事件=285(簿192/增量0) 距上次WS=0.6s] [TWAP#23 age=0s]
[02:40:30] t+   30s  TWAP=77120.814 range=  3.197  Up  0.410/ 0.420×546  Down  0.580/ 0.590×58  [盘口=WS 簿龄=0.5s/10s WS事件=294(簿198/增量0) 距上次WS=0.4s] [TWAP#25 age=0s]
[02:40:32] t+   32s  TWAP=77120.477 range=  3.534  Up  0.390/ 0.400×603  Down  0.600/ 0.610×31  [盘口=WS 簿龄=0.6s/10s WS事件=303(簿204/增量0) 距上次WS=0.6s] [TWAP#27 age=0s]
[02:40:34] t+   34s  TWAP=77120.187 range=  3.824  Up  0.380/ 0.390×679  Down  0.610/ 0.620×98  [盘口=WS 簿龄=0.4s/10s WS事件=317(簿214/增量0) 距上次WS=0.4s] [TWAP#29 age=1s]
[02:40:36] t+   36s  TWAP=77119.904 range=  4.107  Up  0.330/ 0.340×310  Down  0.660/ 0.670×215  [盘口=WS 簿龄=0.0s/10s WS事件=345(簿234/增量0) 距上次WS=0.0s] [TWAP#31 age=0s]
[02:40:38] t+   38s  TWAP=77119.622 range=  4.389  Up  0.330/ 0.340×127  Down  0.660/ 0.670×487  [盘口=WS 簿龄=0.9s/10s WS事件=373(簿252/增量0) 距上次WS=0.9s] [TWAP#32 age=1s]
[02:40:40] t+   40s  TWAP=77119.187 range=  4.824  Up  0.280/ 0.290×404  Down  0.710/ 0.720×170  [盘口=WS 簿龄=0.4s/10s WS事件=393(簿266/增量0) 距上次WS=0.0s] [TWAP#34 age=1s]
[02:40:42] t+   42s  TWAP=77118.949 range=  5.062  Up  0.280/ 0.290×98  Down  0.710/ 0.720×563  [盘口=WS 簿龄=0.2s/10s WS事件=423(簿286/增量0) 距上次WS=0.2s] [TWAP#36 age=1s]
[02:40:44] t+   44s  TWAP=77118.075 range=  5.936  Up  0.230/ 0.240×56  Down  0.760/ 0.770×35  [盘口=WS 簿龄=0.0s/10s WS事件=473(簿326/增量0) 距上次WS=0.0s] [TWAP#38 age=1s]
[02:40:46] t+   46s  TWAP=77117.154 range=  6.857  Up  0.230/ 0.240×133  Down  0.760/ 0.770×824  [盘口=WS 簿龄=0.1s/10s WS事件=539(簿366/增量0) 距上次WS=0.0s] [TWAP#40 age=1s]
[02:40:48] t+   48s  TWAP=77116.143 range=  7.868  Up  0.230/ 0.240×265  Down  0.760/ 0.770×775  [盘口=WS 簿龄=0.1s/10s WS事件=628(簿426/增量0) 距上次WS=0.1s] [TWAP#42 age=1s]
[02:40:50] t+   50s  TWAP=77115.210 range=  8.801  Up  0.260/ 0.270×374  Down  0.730/ 0.740×286  [盘口=WS 簿龄=0.2s/10s WS事件=664(簿450/增量0) 距上次WS=0.2s] [TWAP#44 age=1s]
[02:40:52] t+   52s  TWAP=77114.275 range=  9.736  Up  0.270/ 0.280×95  Down  0.720/ 0.730×29  [盘口=WS 簿龄=0.2s/10s WS事件=699(簿474/增量0) 距上次WS=0.2s] [TWAP#46 age=1s]
[02:40:54] t+   54s  TWAP=77113.319 range= 10.692  Up  0.290/ 0.300×78  Down  0.700/ 0.710×546  [盘口=WS 簿龄=0.2s/10s WS事件=743(簿504/增量0) 距上次WS=0.1s] [TWAP#48 age=1s]
[02:40:56] t+   56s  TWAP=77112.383 range= 11.628  Up  0.280/ 0.290×79  Down  0.710/ 0.720×15  [盘口=WS 簿龄=0.2s/10s WS事件=767(簿520/增量0) 距上次WS=0.1s] [TWAP#50 age=1s]
[02:40:58] t+   58s  TWAP=77111.530 range= 12.481  Up  0.260/ 0.270×439  Down  0.730/ 0.740×106  [盘口=WS 簿龄=0.5s/10s WS事件=789(簿535/增量0) 距上次WS=0.0s] [TWAP#52 age=1s]
[02:41:00] t+   60s  TWAP=77110.655 range= 13.356  Up  0.260/ 0.270×459  Down  0.730/ 0.740×80  [盘口=WS 簿龄=0.3s/10s WS事件=812(簿550/增量0) 距上次WS=0.3s] [TWAP#54 age=0s]
[02:41:02] t+   62s  TWAP=77109.372 range= 14.639  Up  0.260/ 0.270×499  Down  0.730/ 0.740×70  [盘口=WS 簿龄=1.5s/10s WS事件=815(簿552/增量0) 距上次WS=1.4s] [TWAP#56 age=0s]
[02:41:04] t+   64s  TWAP=77108.941 range= 15.070  Up  0.240/ 0.250×22  Down  0.750/ 0.760×647  [盘口=WS 簿龄=0.0s/10s WS事件=826(簿560/增量0) 距上次WS=0.0s] [TWAP#58 age=1s]
[02:41:06] t+   66s  TWAP=77108.074 range= 15.937  Up  0.240/ 0.250×114  Down  0.750/ 0.760×632  [盘口=WS 簿龄=0.1s/10s WS事件=839(簿568/增量0) 距上次WS=0.0s] [TWAP#60 age=0s]
[02:41:08] t+   68s  TWAP=77106.811 range= 17.200  Up  0.240/ 0.250×300  Down  0.750/ 0.760×393  [盘口=WS 簿龄=0.3s/10s WS事件=854(簿578/增量0) 距上次WS=0.2s] [TWAP#62 age=0s]
[02:41:10] t+   70s  TWAP=77106.396 range= 17.615  Up  0.230/ 0.240×1046  Down  0.760/ 0.770×693  [盘口=WS 簿龄=0.1s/10s WS事件=860(簿582/增量0) 距上次WS=0.1s] [TWAP#64 age=1s]
[02:41:10] [入场检查] ✅ Up ask= 0.240（档深1046份） 波动$17.61 → 市价买 ≈ $2.00，止盈  0.650
[02:41:13] 买单: FAILED PolyApiException: PolyApiException[status_code=400, error_message={'error': 'no orders found to match with FAK order. FAK orders are partially filled or killed if no match is found.', 'orderID': '0xc4fa035ac863461dec05648ecfb60ff7dc0d3569fdad263b22dd95d8d0688228'}]
[02:41:13] 市价单未成交，本窗口放弃。
[02:41:15] t+   76s  TWAP=77104.308 range= 19.703  Up  0.280/ 0.290×67  Down  0.710/ 0.720×576  [盘口=WS 簿龄=0.2s/10s WS事件=899(簿608/增量0) 距上次WS=0.1s] [TWAP#69 age=1s]
[02:41:17] t+   78s  TWAP=77103.409 range= 20.602  Up  0.280/ 0.290×306  Down  0.710/ 0.720×582  [盘口=WS 簿龄=0.0s/10s WS事件=904(簿612/增量0) 距上次WS=0.0s] [TWAP#71 age=1s]
[02:41:19] t+   80s  TWAP=77103.144 range= 20.867  Up  0.320/ 0.340×431  Down  0.660/ 0.680×101  [盘口=WS 簿龄=0.3s/10s WS事件=969(簿656/增量0) 距上次WS=0.2s] [TWAP#73 age=1s]
[02:41:21] t+   82s  TWAP=77102.702 range= 21.309  Up  0.330/ 0.350×397  Down  0.650/ 0.670×74  [盘口=WS 簿龄=0.1s/10s WS事件=1102(簿752/增量0) 距上次WS=0.1s] [TWAP#75 age=0s]
[02:41:23] t+   84s  TWAP=77102.352 range= 21.659  Up  0.310/ 0.340×5  Down  0.660/ 0.690×1071  [盘口=WS 簿龄=0.4s/10s WS事件=1144(簿780/增量0) 距上次WS=0.3s] [TWAP#77 age=1s]
[02:41:25] t+   86s  TWAP=77102.179 range= 21.832  Up  0.460/ 0.470×157  Down  0.530/ 0.540×192  [盘口=WS 簿龄=0.1s/10s WS事件=1222(簿832/增量0) 距上次WS=0.1s] [TWAP#79 age=1s]
[02:41:27] t+   88s  TWAP=77101.968 range= 22.043  Up  0.440/ 0.460×938  Down  0.540/ 0.560×70  [盘口=WS 簿龄=0.7s/10s WS事件=1237(簿842/增量0) 距上次WS=0.7s] [TWAP#82 age=0s]
[02:41:29] t+   90s  TWAP=77102.096 range= 22.043  Up  0.430/ 0.440×85  Down  0.560/ 0.570×545  [盘口=WS 簿龄=0.0s/10s WS事件=1264(簿860/增量0) 距上次WS=0.0s] [TWAP#84 age=0s]
[02:41:31] t+   92s  TWAP=77102.322 range= 22.043  Up  0.400/ 0.410×507  Down  0.590/ 0.600×544  [盘口=WS 簿龄=0.1s/10s WS事件=1293(簿880/增量0) 距上次WS=0.1s] [TWAP#86 age=0s]
[02:41:33] t+   94s  TWAP=77102.511 range= 22.043  Up  0.400/ 0.410×424  Down  0.590/ 0.600×710  [盘口=WS 簿龄=0.2s/10s WS事件=1314(簿894/增量0) 距上次WS=0.0s] [TWAP#87 age=0s]
[02:41:35] t+   96s  TWAP=77102.613 range= 22.043  Up  0.400/ 0.410×426  Down  0.590/ 0.600×596  [盘口=WS 簿龄=0.3s/10s WS事件=1323(簿900/增量0) 距上次WS=0.2s] [TWAP#89 age=1s]
[02:41:37] t+   98s  TWAP=77102.939 range= 22.043  Up  0.450/ 0.460×327  Down  0.540/ 0.550×215  [盘口=WS 簿龄=0.1s/10s WS事件=1353(簿920/增量0) 距上次WS=0.0s] [TWAP#92 age=0s]
[02:41:39] t+  100s  TWAP=77102.939 range= 22.043  Up  0.440/ 0.450×133  Down  0.550/ 0.560×783  [盘口=WS 簿龄=0.6s/10s WS事件=1380(簿938/增量0) 距上次WS=0.6s] [TWAP#92 age=2s]
[02:41:41] t+  102s  TWAP=77103.541 range= 22.043  Up  0.440/ 0.450×51  Down  0.550/ 0.560×515  [盘口=WS 簿龄=0.6s/10s WS事件=1392(簿946/增量0) 距上次WS=0.5s] [TWAP#94 age=0s]
[02:41:43] t+  104s  TWAP=77103.946 range= 22.043  Up  0.450/ 0.470×234  Down  0.530/ 0.550×194  [盘口=WS 簿龄=0.3s/10s WS事件=1416(簿962/增量0) 距上次WS=0.2s] [TWAP#95 age=0s]
[02:41:45] t+  106s  TWAP=77104.714 range= 22.043  Up  0.460/ 0.470×246  Down  0.530/ 0.540×257  [盘口=WS 簿龄=0.3s/10s WS事件=1449(簿984/增量0) 距上次WS=0.3s] [TWAP#98 age=0s]
[02:41:47] t+  108s  TWAP=77105.584 range= 22.043  Up  0.460/ 0.470×259  Down  0.530/ 0.540×312  [盘口=WS 簿龄=2.0s/10s WS事件=1452(簿986/增量0) 距上次WS=1.9s] [TWAP#99 age=0s]
[02:41:49] t+  110s  TWAP=77106.438 range= 22.043  Up  0.470/ 0.480×447  Down  0.520/ 0.530×29  [盘口=WS 簿龄=0.4s/10s WS事件=1473(簿1000/增量0) 距上次WS=0.4s] [TWAP#102 age=0s]
[02:41:51] t+  112s  TWAP=77107.273 range= 22.043  Up  0.470/ 0.480×340  Down  0.520/ 0.530×101  [盘口=WS 簿龄=0.4s/10s WS事件=1480(簿1005/增量0) 距上次WS=0.0s] [TWAP#104 age=0s]
[02:41:53] t+  114s  TWAP=77108.107 range= 22.043  Up  0.480/ 0.490×31  Down  0.510/ 0.520×860  [盘口=WS 簿龄=0.0s/10s WS事件=1507(簿1024/增量0) 距上次WS=0.0s] [TWAP#105 age=1s]
[02:41:55] t+  116s  TWAP=77108.523 range= 22.043  Up  0.480/ 0.490×185  Down  0.510/ 0.520×169  [盘口=WS 簿龄=0.8s/10s WS事件=1520(簿1032/增量0) 距上次WS=0.8s] [TWAP#107 age=1s]
[02:41:57] t+  118s  TWAP=77109.657 range= 22.043  Up  0.480/ 0.490×460  Down  0.510/ 0.520×61  [盘口=WS 簿龄=0.2s/10s WS事件=1535(簿1042/增量0) 距上次WS=0.2s] [TWAP#110 age=0s]
[02:41:59] t+  120s  TWAP=77109.657 range= 22.043  Up  0.480/ 0.490×98  Down  0.510/ 0.520×588  [盘口=WS 簿龄=0.1s/10s WS事件=1538(簿1044/增量0) 距上次WS=0.1s] [TWAP#110 age=2s]
[02:42:01] t+  122s  TWAP=77111.035 range= 22.043  Up  0.550/ 0.560×34  Down  0.440/ 0.450×642  [盘口=WS 簿龄=0.1s/10s WS事件=1600(簿1086/增量0) 距上次WS=0.1s] [TWAP#113 age=0s]
[02:42:03] t+  124s  TWAP=77111.409 range= 22.043  Up  0.550/ 0.560×108  Down  0.440/ 0.450×570  [盘口=WS 簿龄=0.1s/10s WS事件=1621(簿1100/增量0) 距上次WS=0.1s] [TWAP#114 age=1s]
[02:42:05] t+  126s  TWAP=77112.153 range= 22.043  Up  0.520/ 0.530×67  Down  0.470/ 0.480×497  [盘口=WS 簿龄=0.6s/10s WS事件=1654(簿1122/增量0) 距上次WS=0.3s] [TWAP#116 age=1s]
[02:42:07] t+  128s  TWAP=77113.016 range= 22.043  Up  0.510/ 0.520×485  Down  0.480/ 0.490×357  [盘口=WS 簿龄=0.1s/10s WS事件=1669(簿1132/增量0) 距上次WS=0.0s] [TWAP#118 age=0s]
[02:42:09] t+  130s  TWAP=77113.863 range= 22.043  Up  0.510/ 0.520×91  Down  0.480/ 0.490×625  [盘口=WS 簿龄=0.7s/10s WS事件=1678(簿1138/增量0) 距上次WS=0.7s] [TWAP#120 age=1s]
[02:42:11] t+  132s  TWAP=77115.175 range= 22.043  Up  0.500/ 0.520×25  Down  0.480/ 0.500×542  [盘口=WS 簿龄=0.2s/10s WS事件=1723(簿1168/增量0) 距上次WS=0.1s] [TWAP#123 age=0s]
[02:42:13] t+  134s  TWAP=77116.054 range= 22.043  Up  0.520/ 0.530×164  Down  0.470/ 0.480×285  [盘口=WS 簿龄=0.0s/10s WS事件=1735(簿1176/增量0) 距上次WS=0.0s] [TWAP#124 age=0s]
[02:42:15] t+  136s  TWAP=77116.894 range= 22.043  Up  0.510/ 0.530×531  Down  0.470/ 0.490×145  [盘口=WS 簿龄=0.0s/10s WS事件=1749(簿1186/增量0) 距上次WS=0.0s] [TWAP#127 age=0s]
[02:42:17] t+  138s  TWAP=77117.702 range= 22.043  Up  0.520/ 0.530×89  Down  0.470/ 0.480×239  [盘口=WS 簿龄=0.7s/10s WS事件=1762(簿1194/增量0) 距上次WS=0.4s] [TWAP#128 age=1s]
[02:42:19] t+  140s  TWAP=77118.056 range= 22.043  Up  0.530/ 0.540×1266  Down  0.460/ 0.470×133  [盘口=WS 簿龄=0.4s/10s WS事件=1768(簿1198/增量0) 距上次WS=0.4s] [TWAP#130 age=1s]
[02:42:21] t+  142s  TWAP=77119.165 range= 22.043  Up  0.530/ 0.540×1178  Down  0.460/ 0.470×105  [盘口=WS 簿龄=0.1s/10s WS事件=1780(簿1206/增量0) 距上次WS=0.1s] [TWAP#132 age=1s]
[02:42:23] t+  144s  TWAP=77119.468 range= 22.043  Up  0.510/ 0.520×264  Down  0.480/ 0.490×81  [盘口=WS 簿龄=0.1s/10s WS事件=1793(簿1214/增量0) 距上次WS=0.0s] [TWAP#133 age=2s]
[02:42:25] t+  146s  TWAP=77120.182 range= 22.043  Up  0.390/ 0.400×5  Down  0.600/ 0.610×195  [盘口=WS 簿龄=0.0s/10s WS事件=1849(簿1254/增量0) 距上次WS=0.0s] [TWAP#136 age=0s]
[02:42:27] t+  148s  TWAP=77120.392 range= 22.043  Up  0.470/ 0.490×45  Down  0.510/ 0.530×100  [盘口=WS 簿龄=0.3s/10s WS事件=1894(簿1286/增量0) 距上次WS=0.3s] [TWAP#137 age=1s]
[02:42:29] t+  150s  TWAP=77120.728 range= 22.043  Up  0.480/ 0.490×185  Down  0.510/ 0.520×682  [盘口=WS 簿龄=0.4s/10s WS事件=1913(簿1296/增量0) 距上次WS=0.4s] [TWAP#139 age=1s]
[02:42:31] t+  152s  TWAP=77120.784 range= 22.043  Up  0.470/ 0.490×744  Down  0.510/ 0.530×100  [盘口=WS 簿龄=0.3s/10s WS事件=1930(簿1308/增量0) 距上次WS=0.3s] [TWAP#142 age=0s]
[02:42:33] t+  154s  TWAP=77120.846 range= 22.043  Up  0.470/ 0.480×707  Down  0.520/ 0.530×244  [盘口=WS 簿龄=0.4s/10s WS事件=1936(簿1312/增量0) 距上次WS=0.3s] [TWAP#144 age=0s]
[02:42:35] t+  156s  TWAP=77120.884 range= 22.043  Up  0.450/ 0.460×364  Down  0.540/ 0.550×240  [盘口=WS 簿龄=1.2s/10s WS事件=1951(簿1322/增量0) 距上次WS=1.1s] [TWAP#146 age=0s]
[02:42:37] t+  158s  TWAP=77120.923 range= 22.043  Up  0.450/ 0.460×464  Down  0.540/ 0.550×411  [盘口=WS 簿龄=0.4s/10s WS事件=1960(簿1328/增量0) 距上次WS=0.3s] [TWAP#148 age=0s]
[02:42:39] t+  160s  TWAP=77120.940 range= 22.043  Up  0.450/ 0.460×207  Down  0.540/ 0.550×513  [盘口=WS 簿龄=2.0s/10s WS事件=1963(簿1330/增量0) 距上次WS=1.9s] [TWAP#149 age=1s]
[02:42:41] t+  162s  TWAP=77120.947 range= 22.043  Up  0.490/ 0.500×16  Down  0.500/ 0.510×747  [盘口=WS 簿龄=0.5s/10s WS事件=1987(簿1346/增量0) 距上次WS=0.4s] [TWAP#151 age=1s]
[02:42:43] t+  164s  TWAP=77121.000 range= 22.043  Up  0.470/ 0.480×352  Down  0.520/ 0.530×534  [盘口=WS 簿龄=0.1s/10s WS事件=1998(簿1354/增量0) 距上次WS=0.0s] [TWAP#154 age=0s]
[02:42:45] t+  166s  TWAP=77121.027 range= 22.043  Up  0.470/ 0.480×352  Down  0.520/ 0.530×534  [盘口=WS 簿龄=2.1s/10s WS事件=1999(簿1354/增量0) 距上次WS=1.8s] [TWAP#156 age=0s]
[02:42:47] t+  168s  TWAP=77121.041 range= 22.043  Up  0.360/ 0.370×262  Down  0.630/ 0.640×258  [盘口=WS 簿龄=0.1s/10s WS事件=2029(簿1376/增量0) 距上次WS=0.1s] [TWAP#157 age=1s]
[02:42:49] t+  170s  TWAP=77121.089 range= 22.043  Up  0.360/ 0.370×236  Down  0.630/ 0.640×277  [盘口=WS 簿龄=0.3s/10s WS事件=2054(簿1392/增量0) 距上次WS=0.3s] [TWAP#159 age=1s]
[02:42:51] t+  172s  TWAP=77121.120 range= 22.043  Up  0.330/ 0.340×80  Down  0.660/ 0.670×35  [盘口=WS 簿龄=0.1s/10s WS事件=2100(簿1424/增量0) 距上次WS=0.1s] [TWAP#161 age=1s]
[02:42:53] t+  174s  TWAP=77121.148 range= 22.043  Up  0.350/ 0.360×402  Down  0.640/ 0.650×5  [盘口=WS 簿龄=0.2s/10s WS事件=2111(簿1430/增量0) 距上次WS=0.1s] [TWAP#163 age=1s]
[02:42:55] t+  176s  TWAP=77121.062 range= 22.043  Up  0.340/ 0.350×80  Down  0.650/ 0.660×738  [盘口=WS 簿龄=0.0s/10s WS事件=2134(簿1446/增量0) 距上次WS=0.0s] [TWAP#166 age=0s]
[02:42:57] t+  178s  TWAP=77120.989 range= 22.043  Up  0.360/ 0.370×114  Down  0.630/ 0.640×93  [盘口=WS 簿龄=0.4s/10s WS事件=2165(簿1466/增量0) 距上次WS=0.4s] [TWAP#168 age=0s]
[02:42:59] t+  180s  TWAP=77120.964 range= 22.043  Up  0.370/ 0.380×129  Down  0.620/ 0.630×429  [盘口=WS 簿龄=0.1s/10s WS事件=2185(簿1480/增量0) 距上次WS=0.0s] [TWAP#169 age=1s]
[02:43:01] t+  182s  TWAP=77120.927 range= 22.043  Up  0.390/ 0.400×464  Down  0.600/ 0.610×205  [盘口=WS 簿龄=0.2s/10s WS事件=2201(簿1490/增量0) 距上次WS=0.2s] [TWAP#171 age=1s]
[02:43:03] t+  184s  TWAP=77120.838 range= 22.043  Up  0.370/ 0.380×495  Down  0.620/ 0.630×8  [盘口=WS 簿龄=0.1s/10s WS事件=2226(簿1508/增量0) 距上次WS=0.1s] [TWAP#172 age=1s]
[02:43:05] t+  186s  TWAP=77120.669 range= 22.043  Up  0.290/ 0.330×98  Down  0.670/ 0.710×128  [盘口=WS 簿龄=0.4s/10s WS事件=2245(簿1520/增量0) 距上次WS=0.1s] [TWAP#175 age=0s]
[02:43:07] t+  188s  TWAP=77120.574 range= 22.043  Up  0.230/ 0.250×80  Down  0.750/ 0.770×50  [盘口=WS 簿龄=0.0s/10s WS事件=2271(簿1540/增量0) 距上次WS=0.0s] [TWAP#176 age=1s]
[02:43:09] t+  190s  TWAP=77120.328 range= 22.043  Up  0.170/ 0.180×543  Down  0.820/ 0.830×60  [盘口=WS 簿龄=0.2s/10s WS事件=2322(簿1574/增量0) 距上次WS=0.1s] [TWAP#178 age=1s]
[02:43:11] t+  192s  TWAP=77119.471 range= 22.043  Up  0.180/ 0.190×229  Down  0.810/ 0.820×1201  [盘口=WS 簿龄=0.0s/10s WS事件=2375(簿1610/增量0) 距上次WS=0.0s] [TWAP#181 age=0s]
[02:43:13] t+  194s  TWAP=77118.892 range= 22.043  Up  0.180/ 0.190×206  Down  0.810/ 0.820×1182  [盘口=WS 簿龄=0.0s/10s WS事件=2439(簿1652/增量0) 距上次WS=0.0s] [TWAP#182 age=0s]
[02:43:15] t+  196s  TWAP=77118.345 range= 22.043  Up  0.180/ 0.190×245  Down  0.810/ 0.820×1252  [盘口=WS 簿龄=0.1s/10s WS事件=2457(簿1664/增量0) 距上次WS=0.1s] [TWAP#184 age=1s]
[02:43:17] t+  198s  TWAP=77118.078 range= 22.043  Up  0.180/ 0.190×305  Down  0.810/ 0.820×1078  [盘口=WS 簿龄=0.0s/10s WS事件=2475(簿1676/增量0) 距上次WS=0.0s] [TWAP#186 age=1s]
[02:43:19] t+  200s  TWAP=77117.270 range= 22.043  Up  0.180/ 0.190×241  Down  0.810/ 0.820×164  [盘口=WS 簿龄=0.2s/10s WS事件=2505(簿1696/增量0) 距上次WS=0.1s] [TWAP#189 age=0s]
[02:43:21] t+  202s  TWAP=77116.698 range= 22.043  Up  0.380/ 0.430×45  Down  0.570/ 0.620×83  [盘口=WS 簿龄=0.1s/10s WS事件=2582(簿1748/增量0) 距上次WS=0.1s] [TWAP#190 age=1s]
[02:43:23] t+  204s  TWAP=77116.119 range= 22.043  Up  0.350/ 0.360×87  Down  0.640/ 0.650×306  [盘口=WS 簿龄=0.0s/10s WS事件=2682(簿1814/增量0) 距上次WS=0.0s] [TWAP#193 age=1s]
[02:43:25] t+  206s  TWAP=77115.826 range= 22.043  Up  0.350/ 0.360×40  Down  0.640/ 0.650×5  [盘口=WS 簿龄=0.2s/10s WS事件=2718(簿1838/增量0) 距上次WS=0.1s] [TWAP#194 age=1s]
[02:43:27] t+  208s  TWAP=77115.230 range= 22.043  Up  0.280/ 0.290×27  Down  0.710/ 0.720×259  [盘口=WS 簿龄=0.0s/10s WS事件=2788(簿1886/增量0) 距上次WS=0.0s] [TWAP#197 age=0s]
[02:43:29] t+  210s  TWAP=77115.068 range= 22.043  Up  0.280/ 0.290×559  Down  0.710/ 0.720×68  [盘口=WS 簿龄=0.1s/10s WS事件=2846(簿1924/增量0) 距上次WS=0.1s] [TWAP#199 age=0s]
[02:43:31] t+  212s  TWAP=77114.891 range= 22.043  Up  0.220/ 0.230×101  Down  0.770/ 0.780×389  [盘口=WS 簿龄=0.1s/10s WS事件=2879(簿1946/增量0) 距上次WS=0.1s] [TWAP#201 age=0s]
[02:43:33] t+  214s  TWAP=77114.726 range= 22.043  Up  0.280/ 0.290×262  Down  0.710/ 0.720×431  [盘口=WS 簿龄=0.5s/10s WS事件=2900(簿1960/增量0) 距上次WS=0.5s] [TWAP#203 age=0s]
[02:43:35] t+  216s  TWAP=77114.652 range= 22.043  Up  0.270/ 0.280×361  Down  0.720/ 0.730×131  [盘口=WS 簿龄=0.3s/10s WS事件=2924(簿1976/增量0) 距上次WS=0.3s] [TWAP#204 age=1s]
[02:43:37] t+  218s  TWAP=77114.314 range= 22.043  Up  0.240/ 0.250×590  Down  0.750/ 0.760×4  [盘口=WS 簿龄=0.2s/10s WS事件=2942(簿1988/增量0) 距上次WS=0.2s] [TWAP#207 age=0s]
[02:43:39] t+  220s  TWAP=77114.224 range= 22.043  Up  0.290/ 0.300×390  Down  0.700/ 0.710×236  [盘口=WS 簿龄=0.0s/10s WS事件=2968(簿2006/增量0) 距上次WS=0.0s] [TWAP#208 age=1s]
[02:43:41] t+  222s  TWAP=77113.914 range= 22.043  Up  0.220/ 0.230×154  Down  0.770/ 0.780×262  [盘口=WS 簿龄=0.2s/10s WS事件=2999(簿2026/增量0) 距上次WS=0.1s] [TWAP#211 age=0s]
[02:43:43] t+  224s  TWAP=77113.820 range= 22.043  Up  0.130/ 0.140×246  Down  0.860/ 0.870×317  [盘口=WS 簿龄=0.0s/10s WS事件=3091(簿2090/增量0) 距上次WS=0.0s] [TWAP#212 age=2s]
[02:43:45] t+  226s  TWAP=77113.532 range= 22.043  Up  0.150/ 0.160×251  Down  0.840/ 0.850×599  [盘口=WS 簿龄=0.2s/10s WS事件=3132(簿2118/增量0) 距上次WS=0.2s] [TWAP#215 age=0s]
[02:43:47] t+  228s  TWAP=77113.123 range= 22.043  Up  0.130/ 0.140×575  Down  0.860/ 0.870×83  [盘口=WS 簿龄=0.4s/10s WS事件=3156(簿2134/增量0) 距上次WS=0.4s] [TWAP#217 age=0s]
[02:43:49] t+  230s  TWAP=77112.817 range= 22.043  Up  0.100/ 0.110×22  Down  0.890/ 0.900×10  [盘口=WS 簿龄=0.0s/10s WS事件=3182(簿2152/增量0) 距上次WS=0.0s] [TWAP#219 age=0s]
[02:43:51] t+  232s  TWAP=77112.668 range= 22.043  Up  0.050/ 0.060×431  Down  0.940/ 0.950×81  [盘口=WS 簿龄=0.2s/10s WS事件=3260(簿2204/增量0) 距上次WS=0.1s] [TWAP#221 age=1s]
[02:43:53] t+  234s  TWAP=77112.380 range= 22.043  Up  0.030/ 0.050×554  Down  0.950/ 0.960×14  [盘口=WS 簿龄=0.0s/10s WS事件=3295(簿2229/增量0) 距上次WS=0.0s] [TWAP#223 age=0s]
[02:43:55] t+  236s  TWAP=77112.130 range= 22.043  Up  0.030/ 0.040×392  Down  0.960/ 0.970×422  [盘口=WS 簿龄=0.0s/10s WS事件=3348(簿2264/增量0) 距上次WS=0.0s] [TWAP#225 age=1s]
[02:43:57] t+  238s  TWAP=77111.807 range= 22.043  Up  0.030/ 0.050×250  Down  0.950/ 0.970×427  [盘口=WS 簿龄=0.8s/10s WS事件=3372(簿2280/增量0) 距上次WS=0.7s] [TWAP#227 age=1s]
[02:43:59] t+  240s  TWAP=77111.447 range= 22.043  Up  0.020/ 0.030×237  Down  0.970/ 0.980×1578  [盘口=WS 簿龄=0.2s/10s WS事件=3423(簿2314/增量0) 距上次WS=0.2s] [TWAP#228 age=0s]
[02:44:02] 本窗口未入场，进入下一个窗口（3/20）。
[02:44:59] [窗口 4] 起点 1789065900（本地 02:44:59），开始持续监测 …
[02:45:01] 市场: Bitcoin Up or Down - September 10, 2:45PM-2:50PM ET  (minSize=5)
[02:45:03] t+    1s  TWAP=      n/a range=    n/a  Up  0.570/ 0.580×125  Down  0.420/ 0.430×325  [盘口=REST 簿龄=0.6s/10s WS事件=0(簿0/增量0) 距上次WS=从未] [TWAP#0 age=无]
[02:45:05] t+    5s  TWAP=77117.691 range=  0.320  Up  0.500/ 0.510×5  Down  0.490/ 0.500×40  [盘口=WS 簿龄=0.2s/10s WS事件=6(簿4/增量0) 距上次WS=0.0s] [TWAP#2 age=1s]
[02:45:07] t+    7s  TWAP=77118.599 range=  1.228  Up  0.540/ 0.560×288  Down  0.440/ 0.460×22  [盘口=WS 簿龄=0.3s/10s WS事件=92(簿64/增量0) 距上次WS=0.2s] [TWAP#4 age=0s]
[02:45:09] t+    9s  TWAP=77119.136 range=  1.765  Up  0.490/ 0.500×39  Down  0.500/ 0.510×42  [盘口=WS 簿龄=0.4s/10s WS事件=125(簿86/增量0) 距上次WS=0.4s] [TWAP#6 age=0s]
[02:45:11] t+   11s  TWAP=77119.425 range=  2.055  Up  0.410/ 0.420×454  Down  0.580/ 0.590×6  [盘口=WS 簿龄=0.2s/10s WS事件=222(簿156/增量0) 距上次WS=0.2s] [TWAP#8 age=0s]
[02:45:13] t+   13s  TWAP=77120.235 range=  2.865  Up  0.320/ 0.330×234  Down  0.670/ 0.680×528  [盘口=WS 簿龄=0.2s/10s WS事件=286(簿200/增量0) 距上次WS=0.2s] [TWAP#10 age=0s]
[02:45:15] t+   15s  TWAP=77120.412 range=  3.041  Up  0.370/ 0.380×147  Down  0.620/ 0.630×412  [盘口=WS 簿龄=0.1s/10s WS事件=350(簿244/增量0) 距上次WS=0.1s] [TWAP#12 age=0s]
[02:45:17] t+   17s  TWAP=77120.412 range=  3.041  Up  0.370/ 0.380×108  Down  0.620/ 0.630×340  [盘口=WS 簿龄=0.8s/10s WS事件=377(簿262/增量0) 距上次WS=0.4s] [TWAP#13 age=2s]
[02:45:19] t+   19s  TWAP=77120.428 range=  3.096  Up  0.380/ 0.390×582  Down  0.610/ 0.620×139  [盘口=WS 簿龄=0.0s/10s WS事件=412(簿286/增量0) 距上次WS=0.0s] [TWAP#15 age=0s]
[02:45:21] t+   21s  TWAP=77120.217 range=  3.096  Up  0.380/ 0.390×421  Down  0.610/ 0.620×151  [盘口=WS 簿龄=0.2s/10s WS事件=434(簿300/增量0) 距上次WS=0.2s] [TWAP#17 age=0s]
[02:45:23] t+   23s  TWAP=77120.027 range=  3.096  Up  0.370/ 0.380×796  Down  0.620/ 0.630×23  [盘口=WS 簿龄=0.1s/10s WS事件=449(簿310/增量0) 距上次WS=0.0s] [TWAP#19 age=0s]
[02:45:25] t+   25s  TWAP=77119.335 range=  3.096  Up  0.360/ 0.370×57  Down  0.630/ 0.640×441  [盘口=WS 簿龄=0.4s/10s WS事件=464(簿320/增量0) 距上次WS=0.4s] [TWAP#21 age=0s]
[02:45:27] t+   27s  TWAP=77119.093 range=  3.096  Up  0.360/ 0.370×147  Down  0.630/ 0.640×464  [盘口=WS 簿龄=0.3s/10s WS事件=479(簿330/增量0) 距上次WS=0.3s] [TWAP#23 age=0s]
[02:45:29] t+   29s  TWAP=77118.618 range=  3.096  Up  0.350/ 0.360×518  Down  0.640/ 0.650×151  [盘口=WS 簿龄=0.0s/10s WS事件=526(簿362/增量0) 距上次WS=0.0s] [TWAP#25 age=0s]
[02:45:31] t+   31s  TWAP=77118.152 range=  3.096  Up  0.370/ 0.380×160  Down  0.620/ 0.630×347  [盘口=WS 簿龄=0.4s/10s WS事件=553(簿380/增量0) 距上次WS=0.4s] [TWAP#27 age=1s]
[02:45:33] t+   33s  TWAP=77117.668 range=  3.096  Up  0.370/ 0.380×428  Down  0.620/ 0.630×155  [盘口=WS 簿龄=0.5s/10s WS事件=563(簿388/增量0) 距上次WS=0.5s] [TWAP#29 age=0s]
[02:45:35] t+   35s  TWAP=77117.130 range=  3.337  Up  0.350/ 0.360×9  Down  0.640/ 0.650×452  [盘口=WS 簿龄=0.1s/10s WS事件=573(簿394/增量0) 距上次WS=0.0s] [TWAP#31 age=1s]
[02:45:37] t+   37s  TWAP=77116.657 range=  3.810  Up  0.350/ 0.360×549  Down  0.640/ 0.650×294  [盘口=WS 簿龄=0.5s/10s WS事件=594(簿408/增量0) 距上次WS=0.4s] [TWAP#33 age=1s]
[02:45:39] t+   39s  TWAP=77116.099 range=  4.368  Up  0.350/ 0.360×259  Down  0.640/ 0.650×616  [盘口=WS 簿龄=0.1s/10s WS事件=612(簿420/增量0) 距上次WS=0.0s] [TWAP#35 age=1s]
[02:45:41] t+   41s  TWAP=77115.072 range=  5.395  Up  0.350/ 0.360×82  Down  0.640/ 0.650×546  [盘口=WS 簿龄=0.3s/10s WS事件=630(簿432/增量0) 距上次WS=0.2s] [TWAP#37 age=0s]
[02:45:43] t+   43s  TWAP=77114.390 range=  6.076  Up  0.350/ 0.360×82  Down  0.640/ 0.650×538  [盘口=WS 簿龄=0.9s/10s WS事件=639(簿438/增量0) 距上次WS=0.5s] [TWAP#39 age=1s]
[02:45:45] t+   45s  TWAP=77114.039 range=  6.428  Up  0.360/ 0.370×109  Down  0.630/ 0.640×347  [盘口=WS 簿龄=0.2s/10s WS事件=671(簿460/增量0) 距上次WS=0.1s] [TWAP#41 age=0s]
[02:45:47] t+   47s  TWAP=77113.336 range=  7.131  Up  0.360/ 0.370×189  Down  0.630/ 0.640×154  [盘口=WS 簿龄=0.5s/10s WS事件=689(簿472/增量0) 距上次WS=0.5s] [TWAP#43 age=1s]
[02:45:49] t+   49s  TWAP=77112.656 range=  7.811  Up  0.410/ 0.420×262  Down  0.580/ 0.590×86  [盘口=WS 簿龄=0.6s/10s WS事件=739(簿506/增量0) 距上次WS=0.6s] [TWAP#45 age=0s]
[02:45:51] t+   51s  TWAP=77111.986 range=  8.481  Up  0.380/ 0.390×576  Down  0.610/ 0.620×173  [盘口=WS 簿龄=0.0s/10s WS事件=782(簿536/增量0) 距上次WS=0.0s] [TWAP#47 age=0s]
[02:45:53] t+   53s  TWAP=77111.338 range=  9.129  Up  0.400/ 0.410×167  Down  0.590/ 0.600×530  [盘口=WS 簿龄=0.2s/10s WS事件=807(簿552/增量0) 距上次WS=0.2s] [TWAP#49 age=1s]
[02:45:55] t+   55s  TWAP=77110.755 range=  9.711  Up  0.460/ 0.470×49  Down  0.530/ 0.540×445  [盘口=WS 簿龄=0.0s/10s WS事件=851(簿582/增量0) 距上次WS=0.0s] [TWAP#51 age=1s]
[02:45:57] t+   57s  TWAP=77110.172 range= 10.295  Up  0.440/ 0.450×345  Down  0.550/ 0.560×56  [盘口=WS 簿龄=0.2s/10s WS事件=897(簿612/增量0) 距上次WS=0.1s] [TWAP#53 age=0s]
[02:45:59] t+   59s  TWAP=77109.597 range= 10.870  Up  0.440/ 0.450×303  Down  0.550/ 0.560×407  [盘口=WS 簿龄=0.3s/10s WS事件=903(簿616/增量0) 距上次WS=0.3s] [TWAP#55 age=1s]
[02:46:01] t+   61s  TWAP=77109.100 range= 11.367  Up  0.420/ 0.440×47  Down  0.560/ 0.580×446  [盘口=WS 簿龄=0.0s/10s WS事件=926(簿632/增量0) 距上次WS=0.0s] [TWAP#57 age=0s]
[02:46:03] t+   63s  TWAP=77108.677 range= 11.790  Up  0.480/ 0.490×351  Down  0.510/ 0.520×81  [盘口=WS 簿龄=0.1s/10s WS事件=982(簿670/增量0) 距上次WS=0.1s] [TWAP#59 age=0s]
[02:46:05] t+   65s  TWAP=77108.254 range= 12.213  Up  0.460/ 0.470×476  Down  0.530/ 0.540×168  [盘口=WS 簿龄=0.4s/10s WS事件=1012(簿690/增量0) 距上次WS=0.4s] [TWAP#61 age=0s]
[02:46:07] t+   67s  TWAP=77107.788 range= 12.679  Up  0.460/ 0.470×251  Down  0.530/ 0.540×204  [盘口=WS 簿龄=0.2s/10s WS事件=1042(簿710/增量0) 距上次WS=0.2s] [TWAP#63 age=0s]
[02:46:09] t+   69s  TWAP=77107.389 range= 13.077  Up  0.440/ 0.450×463  Down  0.550/ 0.560×170  [盘口=WS 簿龄=0.3s/10s WS事件=1054(簿718/增量0) 距上次WS=0.2s] [TWAP#65 age=0s]
[02:46:11] t+   71s  TWAP=77107.056 range= 13.411  Up  0.390/ 0.400×489  Down  0.600/ 0.610×207  [盘口=WS 簿龄=0.3s/10s WS事件=1072(簿730/增量0) 距上次WS=0.3s] [TWAP#67 age=0s]
[02:46:11] [入场检查] … Up ask= 0.400 ≥ 0.30，观察
[02:46:13] t+   73s  TWAP=77106.693 range= 13.774  Up  0.430/ 0.450×44  Down  0.550/ 0.570×736  [盘口=WS 簿龄=0.0s/10s WS事件=1114(簿758/增量0) 距上次WS=0.0s] [TWAP#69 age=0s]
[02:46:13] [入场检查] … Up ask= 0.450 ≥ 0.30，观察
[02:46:15] t+   75s  TWAP=77106.531 range= 13.936  Up  0.420/ 0.450×357  Down  0.550/ 0.580×82  [盘口=WS 簿龄=0.6s/10s WS事件=1129(簿768/增量0) 距上次WS=0.6s] [TWAP#70 age=2s]
[02:46:17] t+   77s  TWAP=77106.595 range= 13.977  Up  0.430/ 0.440×234  Down  0.560/ 0.570×348  [盘口=WS 簿龄=0.6s/10s WS事件=1141(簿776/增量0) 距上次WS=0.5s] [TWAP#72 age=0s]
[02:46:17] [入场检查] … Up ask= 0.440 ≥ 0.30，观察
[02:46:19] t+   79s  TWAP=77106.720 range= 13.977  Up  0.460/ 0.470×202  Down  0.530/ 0.540×375  [盘口=WS 簿龄=0.3s/10s WS事件=1162(簿790/增量0) 距上次WS=0.3s] [TWAP#74 age=0s]
[02:46:19] [入场检查] … Up ask= 0.470 ≥ 0.30，观察
[02:46:21] t+   81s  TWAP=77106.844 range= 13.977  Up  0.440/ 0.450×175  Down  0.550/ 0.560×308  [盘口=WS 簿龄=0.1s/10s WS事件=1171(簿796/增量0) 距上次WS=0.1s] [TWAP#75 age=2s]
[02:46:21] [入场检查] … Up ask= 0.450 ≥ 0.30，观察
[02:46:23] t+   83s  TWAP=77107.206 range= 13.977  Up  0.430/ 0.450×551  Down  0.550/ 0.570×75  [盘口=WS 簿龄=0.1s/10s WS事件=1185(簿806/增量0) 距上次WS=0.1s] [TWAP#77 age=1s]
[02:46:25] t+   85s  TWAP=77107.624 range= 13.977  Up  0.430/ 0.440×566  Down  0.560/ 0.570×170  [盘口=WS 簿龄=0.2s/10s WS事件=1189(簿808/增量0) 距上次WS=0.1s] [TWAP#79 age=0s]
[02:46:25] [入场检查] … Up ask= 0.440 ≥ 0.30，观察
[02:46:27] t+   87s  TWAP=77107.768 range= 13.977  Up  0.430/ 0.440×131  Down  0.560/ 0.570×170  [盘口=WS 簿龄=0.4s/10s WS事件=1192(簿810/增量0) 距上次WS=0.3s] [TWAP#81 age=1s]
[02:46:29] t+   89s  TWAP=77108.031 range= 13.977  Up  0.430/ 0.440×326  Down  0.560/ 0.570×56  [盘口=WS 簿龄=0.5s/10s WS事件=1204(簿818/增量0) 距上次WS=0.5s] [TWAP#83 age=0s]
[02:46:31] t+   91s  TWAP=77108.282 range= 13.977  Up  0.420/ 0.430×402  Down  0.570/ 0.580×321  [盘口=WS 簿龄=0.0s/10s WS事件=1209(簿822/增量0) 距上次WS=0.0s] [TWAP#85 age=1s]
[02:46:31] [入场检查] … Up ask= 0.430 ≥ 0.30，观察
[02:46:33] t+   93s  TWAP=77108.696 range= 13.977  Up  0.420/ 0.430×243  Down  0.570/ 0.580×482  [盘口=WS 簿龄=1.4s/10s WS事件=1213(簿824/增量0) 距上次WS=1.4s] [TWAP#87 age=0s]
[02:46:35] t+   95s  TWAP=77108.853 range= 13.977  Up  0.420/ 0.430×148  Down  0.570/ 0.580×590  [盘口=WS 簿龄=1.3s/10s WS事件=1222(簿830/增量0) 距上次WS=1.3s] [TWAP#89 age=1s]
[02:46:37] t+   97s  TWAP=77109.110 range= 13.977  Up  0.420/ 0.430×148  Down  0.570/ 0.580×483  [盘口=WS 簿龄=1.1s/10s WS事件=1228(簿834/增量0) 距上次WS=1.1s] [TWAP#91 age=1s]
[02:46:39] t+   99s  TWAP=77109.384 range= 13.977  Up  0.300/ 0.310×380  Down  0.690/ 0.700×377  [盘口=WS 簿龄=0.0s/10s WS事件=1286(簿874/增量0) 距上次WS=0.0s] [TWAP#92 age=1s]
[02:46:39] [入场检查] … Up ask= 0.310 ≥ 0.30，观察
[02:46:41] t+  101s  TWAP=77109.645 range= 13.977  Up  0.260/ 0.270×61  Down  0.730/ 0.740×468  [盘口=WS 簿龄=0.2s/10s WS事件=1329(簿902/增量0) 距上次WS=0.2s] [TWAP#94 age=1s]
[02:46:41] [入场检查] ✅ Up ask= 0.270（档深61份） 波动$13.98 → 市价买 ≈ $2.00，止盈  0.650
[02:46:44] 买单: FILLED 
[02:46:44] 成交: 7.6923 份 @ 0.2599999896000004159999833600（≈$2.00）
[02:46:46] t+  106s  TWAP=77110.015 range= 13.977  Up  0.240/ 0.250×466  Down  0.750/ 0.760×138  [盘口=WS 簿龄=0.3s/10s WS事件=1473(簿1002/增量0) 距上次WS=0.3s] [TWAP#99 age=1s]  [持仓 Up @0.2599999896000004159999833600 浮动 -0.020]
[02:46:48] t+  108s  TWAP=77109.931 range= 13.977  Up  0.240/ 0.250×296  Down  0.750/ 0.760×169  [盘口=WS 簿龄=0.5s/10s WS事件=1503(簿1022/增量0) 距上次WS=0.5s] [TWAP#101 age=0s]  [持仓 Up @0.2599999896000004159999833600 浮动 -0.020]
[02:46:50] t+  110s  TWAP=77109.653 range= 13.977  Up  0.260/ 0.270×115  Down  0.730/ 0.740×25  [盘口=WS 簿龄=0.6s/10s WS事件=1521(簿1034/增量0) 距上次WS=0.6s] [TWAP#103 age=0s]  [持仓 Up @0.2599999896000004159999833600 浮动 +0.000]
[02:46:52] t+  112s  TWAP=77109.548 range= 13.977  Up  0.370/ 0.440×35  Down  0.560/ 0.630×36  [盘口=WS 簿龄=1.3s/10s WS事件=1545(簿1052/增量0) 距上次WS=1.3s] [TWAP#105 age=0s]  [持仓 Up @0.2599999896000004159999833600 浮动 +0.110]
[02:46:54] t+  114s  TWAP=77109.103 range= 13.977  Up  0.380/ 0.390×76  Down  0.610/ 0.620×212  [盘口=WS 簿龄=0.3s/10s WS事件=1623(簿1102/增量0) 距上次WS=0.3s] [TWAP#107 age=0s]  [持仓 Up @0.2599999896000004159999833600 浮动 +0.120]
[02:46:56] t+  116s  TWAP=77109.094 range= 13.977  Up  0.380/ 0.390×358  Down  0.610/ 0.620×97  [盘口=WS 簿龄=1.5s/10s WS事件=1632(簿1108/增量0) 距上次WS=1.5s] [TWAP#109 age=1s]  [持仓 Up @0.2599999896000004159999833600 浮动 +0.120]
[02:46:58] t+  118s  TWAP=77109.100 range= 13.977  Up  0.380/ 0.390×436  Down  0.610/ 0.620×70  [盘口=WS 簿龄=0.8s/10s WS事件=1644(簿1116/增量0) 距上次WS=0.8s] [TWAP#110 age=2s]  [持仓 Up @0.2599999896000004159999833600 浮动 +0.120]
[02:47:00] t+  120s  TWAP=77109.083 range= 13.977  Up  0.360/ 0.370×140  Down  0.630/ 0.640×324  [盘口=WS 簿龄=0.1s/10s WS事件=1674(簿1136/增量0) 距上次WS=0.1s] [TWAP#112 age=0s]  [持仓 Up @0.2599999896000004159999833600 浮动 +0.100]
[02:47:02] t+  122s  TWAP=77108.971 range= 13.977  Up  0.300/ 0.310×192  Down  0.690/ 0.700×322  [盘口=WS 簿龄=0.2s/10s WS事件=1728(簿1172/增量0) 距上次WS=0.2s] [TWAP#114 age=1s]  [持仓 Up @0.2599999896000004159999833600 浮动 +0.040]
[02:47:04] t+  124s  TWAP=77108.826 range= 13.977  Up  0.300/ 0.310×249  Down  0.690/ 0.700×110  [盘口=WS 簿龄=0.6s/10s WS事件=1746(簿1184/增量0) 距上次WS=0.6s] [TWAP#116 age=0s]  [持仓 Up @0.2599999896000004159999833600 浮动 +0.040]
[02:47:06] t+  126s  TWAP=77108.754 range= 13.977  Up  0.300/ 0.320×211  Down  0.680/ 0.700×112  [盘口=WS 簿龄=0.4s/10s WS事件=1758(簿1192/增量0) 距上次WS=0.3s] [TWAP#117 age=2s]  [持仓 Up @0.2599999896000004159999833600 浮动 +0.040]
[02:47:08] t+  128s  TWAP=77108.264 range= 13.977  Up  0.250/ 0.260×263  Down  0.740/ 0.750×1  [盘口=WS 簿龄=0.4s/10s WS事件=1773(簿1202/增量0) 距上次WS=0.4s] [TWAP#121 age=0s]  [持仓 Up @0.2599999896000004159999833600 浮动 -0.010]
[02:47:10] t+  130s  TWAP=77108.099 range= 13.977  Up  0.250/ 0.260×471  Down  0.740/ 0.750×50  [盘口=WS 簿龄=0.0s/10s WS事件=1788(簿1212/增量0) 距上次WS=0.0s] [TWAP#122 age=0s]  [持仓 Up @0.2599999896000004159999833600 浮动 -0.010]
[02:47:12] t+  132s  TWAP=77107.766 range= 13.977  Up  0.230/ 0.240×5  Down  0.760/ 0.770×769  [盘口=WS 簿龄=0.3s/10s WS事件=1830(簿1240/增量0) 距上次WS=0.2s] [TWAP#124 age=1s]  [持仓 Up @0.2599999896000004159999833600 浮动 -0.030]
[02:47:14] t+  134s  TWAP=77107.380 range= 13.977  Up  0.140/ 0.150×295  Down  0.850/ 0.860×150  [盘口=WS 簿龄=0.1s/10s WS事件=1881(簿1274/增量0) 距上次WS=0.1s] [TWAP#126 age=1s]  [持仓 Up @0.2599999896000004159999833600 浮动 -0.120]
[02:47:16] t+  136s  TWAP=77107.012 range= 13.977  Up  0.180/ 0.190×82  Down  0.810/ 0.820×493  [盘口=WS 簿龄=0.3s/10s WS事件=1913(簿1296/增量0) 距上次WS=0.2s] [TWAP#128 age=0s]  [持仓 Up @0.2599999896000004159999833600 浮动 -0.080]
[02:47:18] t+  138s  TWAP=77106.614 range= 13.977  Up  0.180/ 0.190×43  Down  0.810/ 0.820×434  [盘口=WS 簿龄=1.3s/10s WS事件=1928(簿1306/增量0) 距上次WS=1.2s] [TWAP#130 age=1s]  [持仓 Up @0.2599999896000004159999833600 浮动 -0.080]
[02:47:20] t+  140s  TWAP=77105.926 range= 14.541  Up  0.160/ 0.170×435  Down  0.830/ 0.840×124  [盘口=WS 簿龄=0.1s/10s WS事件=1964(簿1330/增量0) 距上次WS=0.1s] [TWAP#132 age=1s]  [持仓 Up @0.2599999896000004159999833600 浮动 -0.100]
[02:47:22] t+  142s  TWAP=77105.169 range= 15.297  Up  0.160/ 0.170×371  Down  0.830/ 0.840×194  [盘口=WS 簿龄=1.6s/10s WS事件=1973(簿1336/增量0) 距上次WS=1.6s] [TWAP#134 age=1s]  [持仓 Up @0.2599999896000004159999833600 浮动 -0.100]
[02:47:24] t+  144s  TWAP=77104.353 range= 16.114  Up  0.140/ 0.150×437  Down  0.850/ 0.860×82  [盘口=WS 簿龄=0.0s/10s WS事件=1999(簿1354/增量0) 距上次WS=0.0s] [TWAP#136 age=1s]  [持仓 Up @0.2599999896000004159999833600 浮动 -0.120]
[02:47:26] t+  146s  TWAP=77103.146 range= 17.320  Up  0.190/ 0.200×184  Down  0.800/ 0.810×188  [盘口=WS 簿龄=0.3s/10s WS事件=2047(簿1386/增量0) 距上次WS=0.2s] [TWAP#138 age=0s]  [持仓 Up @0.2599999896000004159999833600 浮动 -0.070]
[02:47:28] t+  148s  TWAP=77102.325 range= 18.141  Up  0.190/ 0.200×398  Down  0.800/ 0.810×72  [盘口=WS 簿龄=0.0s/10s WS事件=2056(簿1392/增量0) 距上次WS=0.0s] [TWAP#140 age=0s]  [持仓 Up @0.2599999896000004159999833600 浮动 -0.070]
[02:47:30] t+  150s  TWAP=77101.908 range= 18.559  Up  0.190/ 0.200×409  Down  0.800/ 0.810×14  [盘口=WS 簿龄=0.2s/10s WS事件=2071(簿1402/增量0) 距上次WS=0.2s] [TWAP#142 age=1s]  [持仓 Up @0.2599999896000004159999833600 浮动 -0.070]
[02:47:32] t+  152s  TWAP=77101.131 range= 19.336  Up  0.170/ 0.180×399  Down  0.820/ 0.830×91  [盘口=WS 簿龄=0.2s/10s WS事件=2101(簿1422/增量0) 距上次WS=0.2s] [TWAP#144 age=1s]  [持仓 Up @0.2599999896000004159999833600 浮动 -0.090]
[02:47:34] t+  154s  TWAP=77100.353 range= 20.114  Up  0.140/ 0.150×19  Down  0.850/ 0.860×243  [盘口=WS 簿龄=0.0s/10s WS事件=2144(簿1454/增量0) 距上次WS=0.0s] [TWAP#146 age=1s]  [持仓 Up @0.2599999896000004159999833600 浮动 -0.120]
[02:47:36] t+  156s  TWAP=77099.616 range= 20.851  Up  0.150/ 0.160×82  Down  0.840/ 0.850×435  [盘口=WS 簿龄=0.4s/10s WS事件=2172(簿1472/增量0) 距上次WS=0.4s] [TWAP#148 age=1s]  [持仓 Up @0.2599999896000004159999833600 浮动 -0.110]
[02:47:38] t+  158s  TWAP=77098.891 range= 21.575  Up  0.130/ 0.140×91  Down  0.860/ 0.870×409  [盘口=WS 簿龄=0.2s/10s WS事件=2211(簿1498/增量0) 距上次WS=0.1s] [TWAP#150 age=1s]  [持仓 Up @0.2599999896000004159999833600 浮动 -0.130]
[02:47:40] t+  160s  TWAP=77098.174 range= 22.293  Up  0.110/ 0.120×141  Down  0.880/ 0.890×254  [盘口=WS 簿龄=0.2s/10s WS事件=2253(簿1526/增量0) 距上次WS=0.2s] [TWAP#152 age=1s]  [持仓 Up @0.2599999896000004159999833600 浮动 -0.150]
[02:47:42] t+  162s  TWAP=77097.441 range= 23.026  Up  0.110/ 0.120×278  Down  0.880/ 0.890×80  [盘口=WS 簿龄=0.0s/10s WS事件=2264(簿1534/增量0) 距上次WS=0.0s] [TWAP#154 age=1s]  [持仓 Up @0.2599999896000004159999833600 浮动 -0.150]
[02:47:44] t+  164s  TWAP=77096.768 range= 23.699  Up  0.100/ 0.110×33  Down  0.890/ 0.900×482  [盘口=WS 簿龄=0.6s/10s WS事件=2289(簿1550/增量0) 距上次WS=0.6s] [TWAP#156 age=1s]  [持仓 Up @0.2599999896000004159999833600 浮动 -0.160]
[02:47:46] t+  166s  TWAP=77096.152 range= 24.315  Up  0.150/ 0.160×208  Down  0.840/ 0.850×85  [盘口=WS 簿龄=0.0s/10s WS事件=2326(簿1576/增量0) 距上次WS=0.0s] [TWAP#157 age=1s]  [持仓 Up @0.2599999896000004159999833600 浮动 -0.110]
[02:47:48] t+  168s  TWAP=77095.656 range= 24.811  Up  0.270/ 0.280×2  Down  0.720/ 0.730×100  [盘口=WS 簿龄=0.2s/10s WS事件=2395(簿1624/增量0) 距上次WS=0.1s] [TWAP#159 age=1s]  [持仓 Up @0.2599999896000004159999833600 浮动 +0.010]
[02:47:50] t+  170s  TWAP=77095.264 range= 25.203  Up  0.300/ 0.310×548  Down  0.690/ 0.700×62  [盘口=WS 簿龄=0.3s/10s WS事件=2505(簿1696/增量0) 距上次WS=0.3s] [TWAP#161 age=0s]  [持仓 Up @0.2599999896000004159999833600 浮动 +0.040]
[02:47:52] t+  172s  TWAP=77094.982 range= 25.484  Up  0.220/ 0.230×360  Down  0.770/ 0.780×16  [盘口=WS 簿龄=0.1s/10s WS事件=2585(簿1750/增量0) 距上次WS=0.1s] [TWAP#163 age=0s]  [持仓 Up @0.2599999896000004159999833600 浮动 -0.040]
[02:47:54] t+  174s  TWAP=77094.947 range= 25.520  Up  0.220/ 0.230×404  Down  0.770/ 0.780×223  [盘口=WS 簿龄=0.8s/10s WS事件=2612(簿1768/增量0) 距上次WS=0.7s] [TWAP#164 age=1s]  [持仓 Up @0.2599999896000004159999833600 浮动 -0.040]
[02:47:56] t+  176s  TWAP=77094.942 range= 25.524  Up  0.160/ 0.170×352  Down  0.830/ 0.840×244  [盘口=WS 簿龄=0.1s/10s WS事件=2668(簿1806/增量0) 距上次WS=0.1s] [TWAP#166 age=0s]  [持仓 Up @0.2599999896000004159999833600 浮动 -0.100]
[02:47:58] t+  178s  TWAP=77094.815 range= 25.652  Up  0.170/ 0.180×291  Down  0.820/ 0.830×51  [盘口=WS 簿龄=0.1s/10s WS事件=2691(簿1822/增量0) 距上次WS=0.0s] [TWAP#167 age=1s]  [持仓 Up @0.2599999896000004159999833600 浮动 -0.090]
[02:48:00] t+  180s  TWAP=77094.440 range= 26.027  Up  0.170/ 0.180×351  Down  0.820/ 0.830×20  [盘口=WS 簿龄=0.0s/10s WS事件=2723(簿1844/增量0) 距上次WS=0.0s] [TWAP#169 age=1s]  [持仓 Up @0.2599999896000004159999833600 浮动 -0.090]
[02:48:02] t+  182s  TWAP=77094.140 range= 26.327  Up  0.140/ 0.150×142  Down  0.850/ 0.860×258  [盘口=WS 簿龄=0.6s/10s WS事件=2765(簿1872/增量0) 距上次WS=0.5s] [TWAP#171 age=1s]  [持仓 Up @0.2599999896000004159999833600 浮动 -0.120]
[02:48:04] t+  184s  TWAP=77093.836 range= 26.630  Up  0.120/ 0.130×160  Down  0.870/ 0.880×1255  [盘口=WS 簿龄=0.3s/10s WS事件=2783(簿1884/增量0) 距上次WS=0.3s] [TWAP#173 age=1s]  [持仓 Up @0.2599999896000004159999833600 浮动 -0.140]
[02:48:06] t+  186s  TWAP=77093.545 range= 26.922  Up  0.100/ 0.110×241  Down  0.890/ 0.900×328  [盘口=WS 簿龄=0.3s/10s WS事件=2804(簿1898/增量0) 距上次WS=0.2s] [TWAP#175 age=0s]  [持仓 Up @0.2599999896000004159999833600 浮动 -0.160]
[02:48:08] t+  188s  TWAP=77093.337 range= 27.130  Up  0.090/ 0.100×729  Down  0.900/ 0.910×84  [盘口=WS 簿龄=0.2s/10s WS事件=2843(簿1924/增量0) 距上次WS=0.1s] [TWAP#177 age=0s]  [持仓 Up @0.2599999896000004159999833600 浮动 -0.170]
[02:48:10] t+  190s  TWAP=77093.093 range= 27.374  Up  0.070/ 0.090×610  Down  0.910/ 0.930×302  [盘口=WS 簿龄=0.5s/10s WS事件=2870(簿1942/增量0) 距上次WS=0.4s] [TWAP#179 age=0s]  [持仓 Up @0.2599999896000004159999833600 浮动 -0.190]
[02:48:12] t+  192s  TWAP=77092.752 range= 27.715  Up  0.060/ 0.070×429  Down  0.930/ 0.940×58  [盘口=WS 簿龄=0.1s/10s WS事件=2908(簿1968/增量0) 距上次WS=0.0s] [TWAP#181 age=0s]  [持仓 Up @0.2599999896000004159999833600 浮动 -0.200]
[02:48:14] t+  194s  TWAP=77092.453 range= 28.013  Up  0.050/ 0.060×336  Down  0.940/ 0.950×383  [盘口=WS 簿龄=0.2s/10s WS事件=2944(簿1992/增量0) 距上次WS=0.2s] [TWAP#183 age=1s]  [持仓 Up @0.2599999896000004159999833600 浮动 -0.210]
[02:48:16] t+  196s  TWAP=77092.060 range= 28.407  Up  0.050/ 0.060×458  Down  0.940/ 0.950×221  [盘口=WS 簿龄=0.6s/10s WS事件=2953(簿1998/增量0) 距上次WS=0.6s] [TWAP#185 age=0s]  [持仓 Up @0.2599999896000004159999833600 浮动 -0.210]
[02:48:18] t+  198s  TWAP=77091.594 range= 28.873  Up  0.030/ 0.040×521  Down  0.960/ 0.970×1036  [盘口=WS 簿龄=0.1s/10s WS事件=2986(簿2020/增量0) 距上次WS=0.0s] [TWAP#187 age=1s]  [持仓 Up @0.2599999896000004159999833600 浮动 -0.230]
[02:48:20] t+  200s  TWAP=77091.320 range= 29.147  Up  0.030/ 0.040×376  Down  0.960/ 0.970×546  [盘口=WS 簿龄=0.0s/10s WS事件=3011(簿2038/增量0) 距上次WS=0.0s] [TWAP#189 age=1s]  [持仓 Up @0.2599999896000004159999833600 浮动 -0.230]
[02:48:22] t+  202s  TWAP=77091.098 range= 29.369  Up  0.030/ 0.040×439  Down  0.960/ 0.970×11  [盘口=WS 簿龄=0.2s/10s WS事件=3049(簿2062/增量0) 距上次WS=0.2s] [TWAP#191 age=1s]  [持仓 Up @0.2599999896000004159999833600 浮动 -0.230]
[02:48:24] t+  204s  TWAP=77090.818 range= 29.649  Up  0.020/ 0.030×802  Down  0.970/ 0.980×2073  [盘口=WS 簿龄=0.2s/10s WS事件=3058(簿2068/增量0) 距上次WS=0.2s] [TWAP#193 age=0s]  [持仓 Up @0.2599999896000004159999833600 浮动 -0.240]
[02:48:26] t+  206s  TWAP=77090.466 range= 30.001  Up  0.020/ 0.030×515  Down  0.970/ 0.980×2105  [盘口=WS 簿龄=0.8s/10s WS事件=3067(簿2074/增量0) 距上次WS=0.8s] [TWAP#195 age=0s]  [持仓 Up @0.2599999896000004159999833600 浮动 -0.240]
[02:48:28] t+  208s  TWAP=77090.075 range= 30.391  Up  0.020/ 0.030×547  Down  0.970/ 0.980×2189  [盘口=WS 簿龄=1.1s/10s WS事件=3070(簿2076/增量0) 距上次WS=1.1s] [TWAP#197 age=1s]  [持仓 Up @0.2599999896000004159999833600 浮动 -0.240]
[02:48:30] t+  210s  TWAP=77089.707 range= 30.759  Up  0.020/ 0.030×697  Down  0.970/ 0.980×1890  [盘口=WS 簿龄=0.1s/10s WS事件=3084(簿2086/增量0) 距上次WS=0.1s] [TWAP#199 age=1s]  [持仓 Up @0.2599999896000004159999833600 浮动 -0.240]
[02:48:32] t+  212s  TWAP=77089.268 range= 31.199  Up  0.010/ 0.020×348  Down  0.980/ 0.990×5340  [盘口=WS 簿龄=0.4s/10s WS事件=3131(簿2118/增量0) 距上次WS=0.4s] [TWAP#201 age=1s]  [持仓 Up @0.2599999896000004159999833600 浮动 -0.250]
[02:48:34] t+  214s  TWAP=77088.832 range= 31.635  Up  0.010/ 0.020×497  Down  0.980/ 0.990×4885  [盘口=WS 簿龄=0.0s/10s WS事件=3154(簿2134/增量0) 距上次WS=0.0s] [TWAP#202 age=1s]  [持仓 Up @0.2599999896000004159999833600 浮动 -0.250]
[02:48:36] t+  216s  TWAP=77088.365 range= 32.102  Up  0.010/ 0.020×577  Down  0.980/ 0.990×4830  [盘口=WS 簿龄=0.0s/10s WS事件=3169(簿2144/增量0) 距上次WS=0.0s] [TWAP#204 age=0s]  [持仓 Up @0.2599999896000004159999833600 浮动 -0.250]
[02:48:38] t+  218s  TWAP=77087.781 range= 32.686  Up  0.010/ 0.020×504  Down  0.980/ 0.990×3984  [盘口=WS 簿龄=0.1s/10s WS事件=3226(簿2182/增量0) 距上次WS=0.1s] [TWAP#206 age=1s]  [持仓 Up @0.2599999896000004159999833600 浮动 -0.250]
[02:48:40] t+  220s  TWAP=77086.881 range= 33.586  Up  0.010/ 0.020×519  Down  0.980/ 0.990×3962  [盘口=WS 簿龄=1.3s/10s WS事件=3232(簿2186/增量0) 距上次WS=1.3s] [TWAP#208 age=0s]  [持仓 Up @0.2599999896000004159999833600 浮动 -0.250]
[02:48:42] t+  222s  TWAP=77086.263 range= 34.204  Up  0.010/ 0.020×615  Down  0.980/ 0.990×3625  [盘口=WS 簿龄=0.0s/10s WS事件=3255(簿2202/增量0) 距上次WS=0.0s] [TWAP#210 age=1s]  [持仓 Up @0.2599999896000004159999833600 浮动 -0.250]
[02:48:44] t+  224s  TWAP=77085.954 range= 34.513  Up  0.010/ 0.020×600  Down  0.980/ 0.990×3620  [盘口=WS 簿龄=0.3s/10s WS事件=3262(簿2206/增量0) 距上次WS=0.3s] [TWAP#212 age=1s]  [持仓 Up @0.2599999896000004159999833600 浮动 -0.250]
[02:48:46] t+  226s  TWAP=77085.395 range= 35.071  Up  0.010/ 0.020×741  Down  0.980/ 0.990×3446  [盘口=WS 簿龄=0.3s/10s WS事件=3274(簿2214/增量0) 距上次WS=0.2s] [TWAP#214 age=0s]  [持仓 Up @0.2599999896000004159999833600 浮动 -0.250]
[02:48:48] t+  228s  TWAP=77084.858 range= 35.608  Up  0.010/ 0.020×761  Down  0.980/ 0.990×2962  [盘口=WS 簿龄=0.2s/10s WS事件=3298(簿2230/增量0) 距上次WS=0.2s] [TWAP#216 age=1s]  [持仓 Up @0.2599999896000004159999833600 浮动 -0.250]
[02:48:50] t+  230s  TWAP=77084.344 range= 36.123  Up    n/a/ 0.010×3823  Down  0.990/   n/a  [盘口=WS 簿龄=0.1s/10s WS事件=3320(簿2244/增量0) 距上次WS=0.1s] [TWAP#218 age=1s]  [持仓 Up @0.2599999896000004159999833600 浮动 +0.000]
[02:48:52] t+  232s  TWAP=77083.716 range= 36.751  Up    n/a/ 0.010×4609  Down  0.990/   n/a  [盘口=WS 簿龄=0.9s/10s WS事件=3332(簿2252/增量0) 距上次WS=0.9s] [TWAP#220 age=1s]  [持仓 Up @0.2599999896000004159999833600 浮动 +0.000]
[02:48:54] t+  234s  TWAP=77082.325 range= 38.142  Up    n/a/ 0.010×4443  Down  0.990/   n/a  [盘口=WS 簿龄=0.9s/10s WS事件=3349(簿2264/增量0) 距上次WS=0.9s] [TWAP#223 age=0s]  [持仓 Up @0.2599999896000004159999833600 浮动 +0.000]
[02:48:56] t+  236s  TWAP=77081.327 range= 39.140  Up    n/a/ 0.010×4429  Down  0.990/   n/a  [盘口=WS 簿龄=1.4s/10s WS事件=3352(簿2266/增量0) 距上次WS=1.3s] [TWAP#224 age=1s]  [持仓 Up @0.2599999896000004159999833600 浮动 +0.000]
[02:48:58] t+  239s  TWAP=77080.833 range= 39.634  Up    n/a/ 0.010×4429  Down  0.990/   n/a  [盘口=WS 簿龄=3.4s/10s WS事件=3352(簿2266/增量0) 距上次WS=3.4s] [TWAP#226 age=1s]  [持仓 Up @0.2599999896000004159999833600 浮动 +0.000]
[02:49:00] 到点未止盈（TWAP=77079.842 range= 40.625）。持有到结算：对赎 $1/份，错归 $0。
[02:49:00] 已成交 2/3 笔（已止盈 PnL $+0.00），进入下一个窗口（4/20）。
[02:49:59] [窗口 5] 起点 1789066200（本地 02:49:59），开始持续监测 …
[02:50:01] 市场: Bitcoin Up or Down - September 10, 2:50PM-2:55PM ET  (minSize=5)
[02:50:03] t+    1s  TWAP=      n/a range=    n/a  Up  0.390/ 0.400×517  Down  0.600/ 0.610×113  [盘口=REST 簿龄=1.0s/10s WS事件=0(簿0/增量0) 距上次WS=从未] [TWAP#0 age=无]
[02:50:05] t+    5s  TWAP=77099.097 range=  0.000  Up  0.390/ 0.400×329  Down  0.600/ 0.610×107  [盘口=WS 簿龄=0.4s/10s WS事件=2(簿2/增量0) 距上次WS=0.4s] [TWAP#1 age=0s]
[02:50:07] t+    7s  TWAP=77099.715 range=  0.618  Up  0.360/ 0.370×276  Down  0.630/ 0.640×371  [盘口=WS 簿龄=0.2s/10s WS事件=77(簿56/增量0) 距上次WS=0.2s] [TWAP#3 age=0s]
[02:50:09] t+    9s  TWAP=77100.345 range=  1.248  Up  0.350/ 0.360×690  Down  0.640/ 0.650×74  [盘口=WS 簿龄=0.1s/10s WS事件=106(簿74/增量0) 距上次WS=0.1s] [TWAP#5 age=0s]
[02:50:11] t+   11s  TWAP=77100.392 range=  1.295  Up  0.330/ 0.340×375  Down  0.660/ 0.670×1310  [盘口=WS 簿龄=0.1s/10s WS事件=136(簿94/增量0) 距上次WS=0.1s] [TWAP#7 age=0s]
[02:50:13] t+   13s  TWAP=77100.321 range=  1.295  Up  0.330/ 0.340×277  Down  0.660/ 0.670×1331  [盘口=WS 簿龄=0.1s/10s WS事件=172(簿119/增量0) 距上次WS=0.0s] [TWAP#9 age=0s]
[02:50:15] t+   15s  TWAP=77100.252 range=  1.295  Up  0.330/ 0.340×134  Down  0.660/ 0.670×1426  [盘口=WS 簿龄=0.2s/10s WS事件=198(簿136/增量0) 距上次WS=0.2s] [TWAP#11 age=1s]
[02:50:17] t+   17s  TWAP=77100.131 range=  1.295  Up  0.330/ 0.340×160  Down  0.660/ 0.670×1214  [盘口=WS 簿龄=0.2s/10s WS事件=222(簿152/增量0) 距上次WS=0.2s] [TWAP#12 age=2s]
[02:50:19] t+   19s  TWAP=77099.652 range=  1.295  Up  0.330/ 0.340×165  Down  0.660/ 0.670×1270  [盘口=WS 簿龄=0.3s/10s WS事件=237(簿162/增量0) 距上次WS=0.3s] [TWAP#15 age=1s]
[02:50:21] t+   21s  TWAP=77099.120 range=  1.295  Up  0.340/ 0.370×93  Down  0.630/ 0.660×1129  [盘口=WS 簿龄=0.0s/10s WS事件=264(簿180/增量0) 距上次WS=0.0s] [TWAP#17 age=0s]
[02:50:23] t+   23s  TWAP=77098.617 range=  1.775  Up  0.440/ 0.450×507  Down  0.550/ 0.560×379  [盘口=WS 簿龄=0.2s/10s WS事件=320(簿218/增量0) 距上次WS=0.1s] [TWAP#19 age=0s]
[02:50:25] t+   25s  TWAP=77098.102 range=  2.290  Up  0.480/ 0.490×60  Down  0.510/ 0.520×261  [盘口=WS 簿龄=0.1s/10s WS事件=367(簿250/增量0) 距上次WS=0.1s] [TWAP#21 age=1s]
[02:50:27] t+   27s  TWAP=77097.464 range=  2.928  Up  0.450/ 0.460×207  Down  0.540/ 0.550×233  [盘口=WS 簿龄=0.3s/10s WS事件=412(簿280/增量0) 距上次WS=0.2s] [TWAP#23 age=1s]
[02:50:29] t+   29s  TWAP=77095.086 range=  5.307  Up  0.380/ 0.390×29  Down  0.610/ 0.620×42  [盘口=WS 簿龄=0.1s/10s WS事件=442(簿300/增量0) 距上次WS=0.0s] [TWAP#25 age=0s]
[02:50:31] t+   31s  TWAP=77094.115 range=  6.277  Up  0.370/ 0.380×698  Down  0.620/ 0.630×307  [盘口=WS 簿龄=0.2s/10s WS事件=475(簿322/增量0) 距上次WS=0.2s] [TWAP#27 age=1s]
[02:50:33] t+   33s  TWAP=77092.646 range=  7.746  Up  0.370/ 0.380×436  Down  0.620/ 0.630×275  [盘口=WS 簿龄=0.7s/10s WS事件=505(簿342/增量0) 距上次WS=0.7s] [TWAP#29 age=0s]
[02:50:35] t+   35s  TWAP=77091.372 range=  9.020  Up  0.360/ 0.370×231  Down  0.630/ 0.640×989  [盘口=WS 簿龄=0.1s/10s WS事件=538(簿364/增量0) 距上次WS=0.0s] [TWAP#31 age=0s]
[02:50:37] t+   37s  TWAP=77090.378 range= 10.015  Up  0.260/ 0.270×413  Down  0.730/ 0.740×621  [盘口=WS 簿龄=0.1s/10s WS事件=600(簿406/增量0) 距上次WS=0.0s] [TWAP#33 age=0s]
[02:50:39] t+   39s  TWAP=77089.932 range= 10.460  Up  0.260/ 0.270×512  Down  0.730/ 0.740×281  [盘口=WS 簿龄=0.8s/10s WS事件=653(簿442/增量0) 距上次WS=0.6s] [TWAP#34 age=2s]
[02:50:41] t+   41s  TWAP=77088.617 range= 11.775  Up  0.260/ 0.270×383  Down  0.730/ 0.740×360  [盘口=WS 簿龄=0.4s/10s WS事件=686(簿464/增量0) 距上次WS=0.4s] [TWAP#37 age=0s]
[02:50:43] t+   43s  TWAP=77087.919 range= 12.474  Up  0.260/ 0.270×574  Down  0.730/ 0.740×295  [盘口=WS 簿龄=0.8s/10s WS事件=695(簿470/增量0) 距上次WS=0.8s] [TWAP#38 age=2s]
[02:50:45] t+   45s  TWAP=77085.906 range= 14.487  Up  0.270/ 0.280×184  Down  0.720/ 0.730×374  [盘口=WS 簿龄=0.8s/10s WS事件=732(簿496/增量0) 距上次WS=0.7s] [TWAP#41 age=0s]
[02:50:47] t+   47s  TWAP=77084.194 range= 16.199  Up  0.270/ 0.280×300  Down  0.720/ 0.730×477  [盘口=WS 簿龄=0.8s/10s WS事件=747(簿506/增量0) 距上次WS=0.8s] [TWAP#43 age=0s]
[02:50:49] t+   49s  TWAP=77083.664 range= 16.728  Up  0.320/ 0.330×338  Down  0.670/ 0.680×356  [盘口=WS 簿龄=0.1s/10s WS事件=785(簿532/增量0) 距上次WS=0.0s] [TWAP#45 age=0s]
[02:50:51] t+   51s  TWAP=77082.820 range= 17.572  Up  0.320/ 0.330×145  Down  0.670/ 0.680×220  [盘口=WS 簿龄=0.8s/10s WS事件=800(簿542/增量0) 距上次WS=0.8s] [TWAP#47 age=0s]
[02:50:53] t+   53s  TWAP=77082.004 range= 18.388  Up  0.320/ 0.330×449  Down  0.670/ 0.680×47  [盘口=WS 簿龄=0.1s/10s WS事件=820(簿556/增量0) 距上次WS=0.1s] [TWAP#49 age=1s]
[02:50:55] t+   55s  TWAP=77081.337 range= 19.055  Up  0.380/ 0.390×71  Down  0.610/ 0.620×109  [盘口=WS 簿龄=0.4s/10s WS事件=848(簿576/增量0) 距上次WS=0.4s] [TWAP#50 age=1s]
[02:50:57] t+   57s  TWAP=77080.673 range= 19.719  Up  0.420/ 0.430×108  Down  0.570/ 0.580×623  [盘口=WS 簿龄=0.8s/10s WS事件=882(簿600/增量0) 距上次WS=0.7s] [TWAP#52 age=1s]
[02:50:59] t+   59s  TWAP=77079.987 range= 20.405  Up  0.490/ 0.500×18  Down  0.500/ 0.510×304  [盘口=WS 簿龄=0.2s/10s WS事件=916(簿624/增量0) 距上次WS=0.0s] [TWAP#54 age=1s]
[02:51:01] t+   61s  TWAP=77079.567 range= 20.825  Up  0.500/ 0.510×313  Down  0.490/ 0.500×238  [盘口=WS 簿龄=0.2s/10s WS事件=961(簿654/增量0) 距上次WS=0.1s] [TWAP#56 age=0s]
[02:51:03] t+   63s  TWAP=77079.368 range= 21.024  Up  0.490/ 0.500×10  Down  0.500/ 0.510×279  [盘口=WS 簿龄=0.2s/10s WS事件=985(簿670/增量0) 距上次WS=0.1s] [TWAP#58 age=0s]
[02:51:05] t+   65s  TWAP=77079.326 range= 21.066  Up  0.500/ 0.520×585  Down  0.480/ 0.500×143  [盘口=WS 簿龄=0.5s/10s WS事件=1033(簿702/增量0) 距上次WS=0.5s] [TWAP#60 age=0s]
[02:51:07] t+   67s  TWAP=77079.518 range= 21.066  Up  0.500/ 0.510×293  Down  0.490/ 0.500×127  [盘口=WS 簿龄=0.1s/10s WS事件=1057(簿718/增量0) 距上次WS=0.0s] [TWAP#62 age=0s]
[02:51:09] t+   69s  TWAP=77080.044 range= 21.066  Up  0.470/ 0.480×429  Down  0.520/ 0.530×189  [盘口=WS 簿龄=0.4s/10s WS事件=1069(簿726/增量0) 距上次WS=0.4s] [TWAP#64 age=0s]
[02:51:11] t+   71s  TWAP=77080.530 range= 21.066  Up  0.470/ 0.480×180  Down  0.520/ 0.530×360  [盘口=WS 簿龄=0.4s/10s WS事件=1086(簿738/增量0) 距上次WS=0.3s] [TWAP#66 age=0s]
[02:51:11] [入场检查] … Up ask= 0.480 ≥ 0.30，观察
[02:51:15] t+   73s  TWAP=77081.100 range= 21.066  Up  0.760/ 0.770×11  Down  0.190/ 0.200×739  [盘口=REST 簿龄=无/10s WS事件=1103(簿750/增量0) 距上次WS=3.3s] [TWAP#69 age=1s]
[02:51:15] [入场检查] ✅ Down ask= 0.200（档深739份） 波动$21.07 → 市价买 ≈ $2.00，止盈  0.650
[02:51:18] 买单: FILLED 
[02:51:18] 成交: 10.5263 份 @ 0.1899999962000000759999984800（≈$2.00）
[02:51:22] t+   80s  TWAP=77085.829 range= 21.066  Up  0.890/ 0.900×511  Down  0.110/ 0.120×367  [盘口=REST 簿龄=无/10s WS事件=1103(簿750/增量0) 距上次WS=10.3s] [TWAP#76 age=1s]  [持仓 Down @0.1899999962000000759999984800 浮动 -0.080]
[02:51:25] t+   84s  TWAP=77090.838 range= 21.066  Up  0.880/ 0.890×910  Down  0.110/ 0.120×209  [盘口=REST 簿龄=无/10s WS事件=1103(簿750/增量0) 距上次WS=13.4s] [TWAP#80 age=0s]  [持仓 Down @0.1899999962000000759999984800 浮动 -0.080]
[02:51:28] t+   87s  TWAP=77095.305 range= 21.066  Up  0.900/ 0.910×476  Down  0.070/ 0.080×479  [盘口=REST 簿龄=无/10s WS事件=1103(簿750/增量0) 距上次WS=16.4s] [TWAP#82 age=1s]  [持仓 Down @0.1899999962000000759999984800 浮动 -0.120]
[02:51:31] t+   90s  TWAP=77099.440 range= 21.066  Up  0.910/ 0.920×3  Down  0.070/ 0.080×239  [盘口=REST 簿龄=无/10s WS事件=1103(簿750/增量0) 距上次WS=19.4s] [TWAP#86 age=0s]  [持仓 Down @0.1899999962000000759999984800 浮动 -0.120]
[02:51:34] t+   93s  TWAP=77103.951 range= 24.625  Up  0.930/ 0.940×168  Down  0.060/ 0.070×707  [盘口=REST 簿龄=无/10s WS事件=1103(簿750/增量0) 距上次WS=22.5s] [TWAP#89 age=1s]  [持仓 Down @0.1899999962000000759999984800 浮动 -0.130]
[02:51:37] t+   96s  TWAP=77110.533 range= 31.208  Up  0.930/ 0.940×181  Down  0.060/ 0.070×695  [盘口=REST 簿龄=无/10s WS事件=1103(簿750/增量0) 距上次WS=25.5s] [TWAP#92 age=0s]  [持仓 Down @0.1899999962000000759999984800 浮动 -0.130]
[02:51:40] t+   99s  TWAP=77113.887 range= 34.561  Up  0.920/ 0.930×542  Down  0.070/ 0.080×33  [盘口=REST 簿龄=无/10s WS事件=1103(簿750/增量0) 距上次WS=28.5s] [TWAP#95 age=1s]  [持仓 Down @0.1899999962000000759999984800 浮动 -0.120]
[02:51:43] t+  102s  TWAP=77121.674 range= 42.348  Up  0.920/ 0.930×599  Down  0.070/ 0.080×880  [盘口=REST 簿龄=无/10s WS事件=1103(簿750/增量0) 距上次WS=31.5s] [TWAP#98 age=0s]  [持仓 Down @0.1899999962000000759999984800 浮动 -0.120]
[02:51:46] t+  105s  TWAP=77125.531 range= 46.205  Up  0.940/ 0.950×686  Down  0.050/ 0.060×566  [盘口=REST 簿龄=无/10s WS事件=1103(簿750/增量0) 距上次WS=34.5s] [TWAP#101 age=1s]  [持仓 Down @0.1899999962000000759999984800 浮动 -0.140]
[02:51:49] t+  108s  TWAP=77133.433 range= 54.107  Up  0.940/ 0.950×185  Down  0.050/ 0.060×754  [盘口=REST 簿龄=无/10s WS事件=1103(簿750/增量0) 距上次WS=37.6s] [TWAP#104 age=0s]  [持仓 Down @0.1899999962000000759999984800 浮动 -0.140]
[02:51:52] t+  111s  TWAP=77137.633 range= 58.307  Up  0.940/ 0.950×335  Down  0.050/ 0.060×594  [盘口=REST 簿龄=无/10s WS事件=1103(簿750/增量0) 距上次WS=40.6s] [TWAP#107 age=1s]  [持仓 Down @0.1899999962000000759999984800 浮动 -0.140]
[02:51:55] t+  115s  TWAP=77143.881 range= 64.555  Up  0.930/ 0.940×261  Down  0.060/ 0.070×655  [盘口=REST 簿龄=无/10s WS事件=1103(簿750/增量0) 距上次WS=43.6s] [TWAP#110 age=1s]  [持仓 Down @0.1899999962000000759999984800 浮动 -0.130]
[02:51:58] t+  118s  TWAP=77151.950 range= 72.624  Up  0.920/ 0.930×312  Down  0.050/ 0.060×302  [盘口=REST 簿龄=无/10s WS事件=1103(簿750/增量0) 距上次WS=46.6s] [TWAP#114 age=0s]  [持仓 Down @0.1899999962000000759999984800 浮动 -0.140]
[02:52:01] t+  121s  TWAP=77155.642 range= 76.317  Up  0.940/ 0.950×513  Down  0.050/ 0.060×101  [盘口=REST 簿龄=无/10s WS事件=1103(簿750/增量0) 距上次WS=49.6s] [TWAP#116 age=1s]  [持仓 Down @0.1899999962000000759999984800 浮动 -0.140]
[02:52:04] t+  124s  TWAP=77160.565 range= 81.239  Up  0.940/ 0.950×940  Down  0.050/ 0.060×311  [盘口=REST 簿龄=无/10s WS事件=1103(簿750/增量0) 距上次WS=52.6s] [TWAP#119 age=1s]  [持仓 Down @0.1899999962000000759999984800 浮动 -0.140]
[02:52:07] t+  127s  TWAP=77165.216 range= 85.890  Up  0.890/ 0.900×227  Down  0.090/ 0.100×290  [盘口=REST 簿龄=无/10s WS事件=1103(簿750/增量0) 距上次WS=55.5s] [TWAP#122 age=1s]  [持仓 Down @0.1899999962000000759999984800 浮动 -0.100]
[02:52:10] t+  129s  TWAP=77170.895 range= 91.569  Up  0.910/ 0.920×696  Down  0.080/ 0.090×403  [盘口=REST 簿龄=无/10s WS事件=1103(簿750/增量0) 距上次WS=58.5s] [TWAP#126 age=0s]  [持仓 Down @0.1899999962000000759999984800 浮动 -0.110]
[02:52:13] t+  132s  TWAP=77173.166 range= 93.840  Up  0.910/ 0.920×221  Down  0.090/ 0.100×430  [盘口=REST 簿龄=无/10s WS事件=1103(簿750/增量0) 距上次WS=61.5s] [TWAP#128 age=1s]  [持仓 Down @0.1899999962000000759999984800 浮动 -0.100]
[02:52:16] t+  135s  TWAP=77176.623 range= 97.298  Up  0.930/ 0.940×307  Down  0.060/ 0.070×181  [盘口=REST 簿龄=无/10s WS事件=1103(簿750/增量0) 距上次WS=64.6s] [TWAP#131 age=1s]  [持仓 Down @0.1899999962000000759999984800 浮动 -0.130]
[02:52:19] t+  138s  TWAP=77179.396 range=100.070  Up  0.930/ 0.940×212  Down  0.060/ 0.070×209  [盘口=REST 簿龄=无/10s WS事件=1103(簿750/增量0) 距上次WS=67.5s] [TWAP#133 age=1s]  [持仓 Down @0.1899999962000000759999984800 浮动 -0.130]
[02:52:22] t+  141s  TWAP=77180.552 range=101.226  Up  0.930/ 0.940×362  Down  0.070/ 0.080×231  [盘口=REST 簿龄=无/10s WS事件=1103(簿750/增量0) 距上次WS=70.6s] [TWAP#136 age=1s]  [持仓 Down @0.1899999962000000759999984800 浮动 -0.120]
[02:52:25] t+  145s  TWAP=77181.386 range=102.060  Up  0.940/ 0.950×570  Down  0.050/ 0.060×719  [盘口=REST 簿龄=无/10s WS事件=1103(簿750/增量0) 距上次WS=73.6s] [TWAP#139 age=1s]  [持仓 Down @0.1899999962000000759999984800 浮动 -0.140]
[02:52:28] t+  148s  TWAP=77181.275 range=102.160  Up  0.950/ 0.960×1111  Down  0.040/ 0.050×86  [盘口=REST 簿龄=无/10s WS事件=1103(簿750/增量0) 距上次WS=76.5s] [TWAP#143 age=0s]  [持仓 Down @0.1899999962000000759999984800 浮动 -0.150]
[02:52:31] t+  150s  TWAP=77181.148 range=102.160  Up  0.960/ 0.970×508  Down  0.030/ 0.040×831  [盘口=REST 簿龄=无/10s WS事件=1103(簿750/增量0) 距上次WS=79.5s] [TWAP#145 age=0s]  [持仓 Down @0.1899999962000000759999984800 浮动 -0.160]
[02:52:34] t+  153s  TWAP=77180.687 range=102.160  Up  0.950/ 0.960×428  Down  0.040/ 0.050×183  [盘口=REST 簿龄=无/10s WS事件=1103(簿750/增量0) 距上次WS=82.5s] [TWAP#148 age=0s]  [持仓 Down @0.1899999962000000759999984800 浮动 -0.150]
[02:52:37] t+  156s  TWAP=77180.688 range=102.160  Up  0.950/ 0.960×589  Down  0.050/ 0.060×53  [盘口=REST 簿龄=无/10s WS事件=1103(簿750/增量0) 距上次WS=85.5s] [TWAP#151 age=1s]  [持仓 Down @0.1899999962000000759999984800 浮动 -0.140]
[02:52:40] t+  159s  TWAP=77180.496 range=102.160  Up  0.930/ 0.940×81  Down  0.060/ 0.070×436  [盘口=REST 簿龄=无/10s WS事件=1103(簿750/增量0) 距上次WS=88.5s] [TWAP#154 age=1s]  [持仓 Down @0.1899999962000000759999984800 浮动 -0.130]
[02:52:43] t+  162s  TWAP=77179.751 range=102.160  Up  0.940/ 0.950×15  Down  0.050/ 0.060×411  [盘口=REST 簿龄=无/10s WS事件=1103(簿750/增量0) 距上次WS=91.5s] [TWAP#157 age=0s]  [持仓 Down @0.1899999962000000759999984800 浮动 -0.140]
[02:52:46] t+  165s  TWAP=77178.867 range=102.160  Up  0.970/ 0.980×1326  Down  0.020/ 0.030×534  [盘口=REST 簿龄=无/10s WS事件=1103(簿750/增量0) 距上次WS=94.5s] [TWAP#160 age=0s]  [持仓 Down @0.1899999962000000759999984800 浮动 -0.170]
[02:52:49] t+  168s  TWAP=77178.053 range=102.160  Up  0.970/ 0.980×897  Down  0.020/ 0.030×440  [盘口=REST 簿龄=无/10s WS事件=1103(簿750/增量0) 距上次WS=97.4s] [TWAP#163 age=0s]  [持仓 Down @0.1899999962000000759999984800 浮动 -0.170]
[02:52:52] t+  171s  TWAP=77177.147 range=102.160  Up  0.970/ 0.980×720  Down  0.020/ 0.030×1059  [盘口=REST 簿龄=无/10s WS事件=1103(簿750/增量0) 距上次WS=100.4s] [TWAP#166 age=1s]  [持仓 Down @0.1899999962000000759999984800 浮动 -0.170]
[02:52:55] t+  174s  TWAP=77176.222 range=102.160  Up  0.970/ 0.980×320  Down  0.020/ 0.030×1614  [盘口=REST 簿龄=无/10s WS事件=1103(簿750/增量0) 距上次WS=103.4s] [TWAP#169 age=0s]  [持仓 Down @0.1899999962000000759999984800 浮动 -0.170]
[02:52:58] t+  177s  TWAP=77175.569 range=102.160  Up  0.970/ 0.980×11  Down  0.020/ 0.030×1878  [盘口=REST 簿龄=无/10s WS事件=1103(簿750/增量0) 距上次WS=106.4s] [TWAP#172 age=0s]  [持仓 Down @0.1899999962000000759999984800 浮动 -0.170]
[02:53:01] t+  180s  TWAP=77175.197 range=102.160  Up  0.980/ 0.990×5459  Down  0.020/ 0.030×682  [盘口=REST 簿龄=无/10s WS事件=1103(簿750/增量0) 距上次WS=109.4s] [TWAP#175 age=0s]  [持仓 Down @0.1899999962000000759999984800 浮动 -0.170]
[02:53:04] t+  183s  TWAP=77175.387 range=102.160  Up  0.980/ 0.990×5019  Down  0.010/ 0.020×129  [盘口=REST 簿龄=无/10s WS事件=1103(簿750/增量0) 距上次WS=112.4s] [TWAP#178 age=1s]  [持仓 Down @0.1899999962000000759999984800 浮动 -0.180]
[02:53:07] t+  186s  TWAP=77175.518 range=102.160  Up  0.970/ 0.980×57  Down  0.020/ 0.030×2150  [盘口=REST 簿龄=无/10s WS事件=1103(簿750/增量0) 距上次WS=115.3s] [TWAP#181 age=0s]  [持仓 Down @0.1899999962000000759999984800 浮动 -0.170]
[02:53:10] t+  189s  TWAP=77175.666 range=102.160  Up  0.980/ 0.990×4765  Down  0.010/ 0.020×266  [盘口=REST 簿龄=无/10s WS事件=1103(簿750/增量0) 距上次WS=118.3s] [TWAP#184 age=0s]  [持仓 Down @0.1899999962000000759999984800 浮动 -0.180]
[02:53:13] t+  192s  TWAP=77176.505 range=102.160  Up  0.980/ 0.990×4517  Down  0.010/ 0.020×331  [盘口=REST 簿龄=无/10s WS事件=1103(簿750/增量0) 距上次WS=121.3s] [TWAP#187 age=0s]  [持仓 Down @0.1899999962000000759999984800 浮动 -0.180]
[02:53:16] t+  195s  TWAP=77177.525 range=102.160  Up  0.980/ 0.990×4467  Down  0.010/ 0.020×706  [盘口=REST 簿龄=无/10s WS事件=1103(簿750/增量0) 距上次WS=124.3s] [TWAP#190 age=0s]  [持仓 Down @0.1899999962000000759999984800 浮动 -0.180]
[02:53:19] t+  198s  TWAP=77178.582 range=102.160  Up  0.980/ 0.990×4391  Down  0.010/ 0.020×1062  [盘口=REST 簿龄=无/10s WS事件=1103(簿750/增量0) 距上次WS=127.3s] [TWAP#193 age=0s]  [持仓 Down @0.1899999962000000759999984800 浮动 -0.180]
[02:53:22] t+  201s  TWAP=77179.739 range=102.160  Up  0.980/ 0.990×4026  Down  0.010/ 0.020×1632  [盘口=REST 簿龄=无/10s WS事件=1103(簿750/增量0) 距上次WS=130.3s] [TWAP#196 age=0s]  [持仓 Down @0.1899999962000000759999984800 浮动 -0.180]
[02:53:25] t+  204s  TWAP=77180.245 range=102.160  Up  0.980/ 0.990×3796  Down  0.010/ 0.020×1484  [盘口=REST 簿龄=无/10s WS事件=1103(簿750/增量0) 距上次WS=133.2s] [TWAP#199 age=0s]  [持仓 Down @0.1899999962000000759999984800 浮动 -0.180]
[02:53:28] t+  207s  TWAP=77181.175 range=102.160  Up  0.990/   n/a  Down    n/a/ 0.010×6045  [盘口=REST 簿龄=无/10s WS事件=1103(簿750/增量0) 距上次WS=136.2s] [TWAP#202 age=0s]  [持仓 Down @0.1899999962000000759999984800 浮动 +0.000]
[02:53:31] t+  210s  TWAP=77181.824 range=102.498  Up  0.990/   n/a  Down    n/a/ 0.010×5568  [盘口=REST 簿龄=无/10s WS事件=1103(簿750/增量0) 距上次WS=139.2s] [TWAP#204 age=1s]  [持仓 Down @0.1899999962000000759999984800 浮动 +0.000]
[02:53:34] t+  213s  TWAP=77182.558 range=103.232  Up  0.990/   n/a  Down    n/a/ 0.010×5345  [盘口=REST 簿龄=无/10s WS事件=1103(簿750/增量0) 距上次WS=142.2s] [TWAP#207 age=1s]  [持仓 Down @0.1899999962000000759999984800 浮动 +0.000]
[02:53:37] t+  216s  TWAP=77183.357 range=104.031  Up  0.990/   n/a  Down    n/a/ 0.010×4317  [盘口=REST 簿龄=无/10s WS事件=1103(簿750/增量0) 距上次WS=145.2s] [TWAP#211 age=0s]  [持仓 Down @0.1899999962000000759999984800 浮动 +0.000]
[02:53:40] t+  219s  TWAP=77183.703 range=104.377  Up  0.990/   n/a  Down    n/a/ 0.010×4397  [盘口=REST 簿龄=无/10s WS事件=1103(簿750/增量0) 距上次WS=148.1s] [TWAP#213 age=1s]  [持仓 Down @0.1899999962000000759999984800 浮动 +0.000]
[02:53:43] t+  222s  TWAP=77184.428 range=105.102  Up  0.990/   n/a  Down    n/a/ 0.010×4479  [盘口=REST 簿龄=无/10s WS事件=1103(簿750/增量0) 距上次WS=151.1s] [TWAP#216 age=1s]  [持仓 Down @0.1899999962000000759999984800 浮动 +0.000]
[02:53:46] t+  225s  TWAP=77185.370 range=106.044  Up  0.990/   n/a  Down    n/a/ 0.010×4549  [盘口=REST 簿龄=无/10s WS事件=1103(簿750/增量0) 距上次WS=154.1s] [TWAP#219 age=0s]  [持仓 Down @0.1899999962000000759999984800 浮动 +0.000]
[02:53:49] t+  228s  TWAP=77186.267 range=106.942  Up  0.990/   n/a  Down    n/a/ 0.010×5217  [盘口=REST 簿龄=无/10s WS事件=1103(簿750/增量0) 距上次WS=157.1s] [TWAP#222 age=0s]  [持仓 Down @0.1899999962000000759999984800 浮动 +0.000]
[02:53:52] t+  231s  TWAP=77186.751 range=107.425  Up  0.990/   n/a  Down    n/a/ 0.010×9711  [盘口=REST 簿龄=无/10s WS事件=1103(簿750/增量0) 距上次WS=160.1s] [TWAP#225 age=0s]  [持仓 Down @0.1899999962000000759999984800 浮动 +0.000]
[02:53:55] t+  234s  TWAP=77186.925 range=107.599  Up  0.990/   n/a  Down    n/a/ 0.010×10235  [盘口=REST 簿龄=无/10s WS事件=1103(簿750/增量0) 距上次WS=163.1s] [TWAP#227 age=1s]  [持仓 Down @0.1899999962000000759999984800 浮动 +0.000]
[02:53:58] t+  237s  TWAP=77188.584 range=109.258  Up  0.990/   n/a  Down    n/a/ 0.010×9697  [盘口=REST 簿龄=无/10s WS事件=1103(簿750/增量0) 距上次WS=166.1s] [TWAP#230 age=1s]  [持仓 Down @0.1899999962000000759999984800 浮动 +0.000]
[02:54:00] 到点未止盈（TWAP=77190.822 range=111.496）。持有到结算：对赎 $1/份，错归 $0。
[02:54:00] === 目标达成：3 笔成交（尝试 5/20 窗口）。已止盈实现 PnL 累计 $+0.00（持有到结算的仓位待链上赎回，未计入） ===
